scheme_name,category
Tata Silver E T F FoF Reg (G),Others: FoFs Domestic
Aditya Birla SL Silver E T F FOF Reg (G),Others: FoFs Domestic
SBI Silver E T F FoF Reg (G),Others: FoFs Domestic
HDFC Silver E T F FoF Reg (G),Others: FoFs Domestic
ICICI Pru SILVER E T F FoF (G),Others: FoFs Domestic
Axis Silver FoF Reg (G),Others: FoFs Domestic
UTI Silver E T F FoF Reg (G),Others: FoFs Domestic
Kotak Silver E T F FoF Reg (G),Others: FoFs Domestic
Nippon India Silver E T F FoF Reg (G),Others: FoFs Domestic
Tata Gold E T F FoF Reg (G),Others: FoFs Domestic
HSBC Multi Asset Active FOF Reg (G),Others: FoFs Domestic
Quantum Multi Asset Active FoF Reg (G),Others: FoFs Domestic
Nippon India Multi Asset Omni FoF Reg (G),Others: FoFs Domestic
Franklin India Income Plus Arbitrage Active FoF (G),Others: FoFs Domestic
Bandhan Multi-Asset Passive FOF (G),Others: FoFs Domestic
ICICI Pru Dynamic Asset Allocation Active FOF (G),Others: FoFs Domestic
Aditya Birla SL Aggressive Hybrid Omni FOF Reg (G),Others: FoFs Domestic
Axis Income Plus Arbitrage Active FOF (G),Others: FoFs Domestic
Aditya Birla SL Income plus Arbitrage Active FOF (G),Others: FoFs Domestic
Kotak Income Plus Arbitrage Omni FOF Reg (G),Others: FoFs Domestic
ICICI Pru Income plus Arbitrage Omni FOF (G),Others: FoFs Domestic
Bandhan Income Plus Arbitrage Active FOF Reg (G),Others: FoFs Domestic
Franklin India Dynamic Asset Allocation Active Fund of Funds (G),Others: FoFs Domestic
HSBC Income Plus Arbitrage Active FOF Reg (G),Others: FoFs Domestic
HDFC Income Plus Arbitrage Active FOF (G),Others: FoFs Domestic
DSP Income Plus Arbitrage Omni FoF Reg (G),Others: FoFs Domestic
UTI Income Plus Arbitrage Active FoF (G),Others: FoFs Domestic
SBI Income Plus Arbitrage Active FoF (G),Others: FoFs Domestic
DSP Silver E T F FoF (G),Others: FoFs Domestic
Baroda BNP Paribas Income Plus Arbitrage Active FOF Reg (G),Others: FoFs Domestic
Tata Income Plus Arbitrage Active FoF Reg (G),Others: FoFs Domestic
Groww Silver E T F FOF (G),Others: FoFs Domestic
Baroda BNP Paribas Multi Asset Active FoF Reg (G),Others: FoFs Domestic
Union Income Plus Arbitrage Active FoF (G),Others: FoFs Domestic
Nippon India Income Plus Arbitrage Active FoF Reg (G),Others: FoFs Domestic
Mirae Asset Income Plus Arbitrage Active FoF Reg (G),Others: FoFs Domestic
Edelweiss Income Plus Arbitrage Active FoF (G),Others: FoFs Domestic
Groww BSE Power E T F FOF (G),Others: FoFs Domestic
Union Diversified Equity All Cap Active FoF Reg (G),Others: FoFs Domestic
Invesco India Income Plus Arbitrage Active FoF (G),Others: FoFs Domestic
Kotak Gold Silver Passive FoF Reg (G),Others: FoFs Domestic
Axis Income Plus Arbitrage Passive FoF (G),Others: FoFs Domestic
Mahindra Manulife Income Plus Arbitrage Active FOF (G),Others: FoFs Domestic
Edelweiss Silver E T F FoF (G),Others: FoFs Domestic
Axis Income Plus Arbitrage Passive FoF IDCW,Others: FoFs Domestic
Sundaram Income Plus Arbitrage Active FoF (G),Others: FoFs Domestic
DSP World Gold Mining Overseas Equity Omni FoF Reg (G),Equity: Global
DSP World Mining Overseas Equity Omni FoF Reg (G),Equity: Global
ICICI Pru Strategic Metal and Energy Equity FoF Reg (G),Equity: Global
HSBC Brazil Fund (G),Equity: Global
Nippon India Taiwan Equity Fund Reg (G),Equity: Global
HSBC Global Emerging Markets Fund (G),Equity: Global
Mirae Asset Global Electric & Autonomous Vehicles Equity Passive FOF Reg (G),Equity: Global
Edelweiss Emerging Markets Opp Equity Offshore Fund Reg (G),Equity: Global
Edelweiss Europe Dynamic Equity Off-shore Fund Reg (G),Equity: Global
Kotak Global Emerging Market Overseas Equity Omni FOF (G),Equity: Global
Axis Greater China Equity FoF Reg (G),Equity: Global
Invesco India Invesco Pan European Equity FoF Reg (G),Equity: Global
Edelweiss Greater China Equity Off-shore Fund Reg (G),Equity: Global
HSBC Asia Pacific (Ex Japan) Dividend Yield Reg (G),Equity: Global
DSP Global Clean Energy Overseas Equity Omni FoF Reg (G),Equity: Global
Mirae Asset Hang Seng TECH E T F FOF Reg (G),Equity: Global
Motilal Oswal Developed Market Ex US E T Fs Overseas Equity Passive FoF Reg (G),Equity: Global
Mirae Asset Global X Artificial Intelligence & Technology E T F FoF Reg (G),Equity: Global
Aditya Birla SL International Equity Plan A Reg (G),Equity: Global
Franklin Asian Equity Fund (G),Equity: Global
ICICI Pru Global Advantage Fund (FOF) Reg (G),Equity: Global
DSP US Specific Equity Omni FoF Reg (G),Equity: Global
Mahindra Manulife Asia Pacific REITs FoF Reg (G),Equity: Global
PGIM India Emerging Markets Equity FoF (G),Equity: Global
SBI US Specific Equity Active FoF Reg (G),Equity: Global
DSP Global Innovation Overseas Equity Omni FoF Reg (G),Equity: Global
Nippon India Japan Equity Fund (G),Equity: Global
HDFC Developed World Overseas Equity Passive FOF Reg (G),Equity: Global
Navi US Nasdaq 100 FoF Reg (G),Equity: Global
Invesco India Invesco EQQQ NASDAQ-100 E T F FoF Reg (G),Equity: Global
Kotak US Specific Equity Passive FOF Reg (G),Equity: Global
Aditya Birla SL US Equity Passive FOF Reg (G),Equity: Global
ICICI Pru NASDAQ 100 Index Fund Reg (G),Equity: Global
Axis US Specific Equity Passive FOF Reg (G),Equity: Global
Invesco India Invesco Global Equity Income FoF Reg (G),Equity: Global
Axis Global Equity Alpha Fund of Fund Reg (G),Equity: Global
Invesco India Invesco Global Consumer Trends Fund of Fund Reg (G),Equity: Global
Mirae Asset S&P 500 Top 50 E T F FoF (G),Equity: Global
Kotak International REIT Overseas Equity Omni FOF Reg (G),Equity: Global
Mirae Asset NYSE FANG+ E T F FoF Reg (G),Equity: Global
NAVI US Total Stock Market FoF Reg (G),Equity: Global
Edelweiss Asean Equity Off-shore Fund Reg (G),Equity: Global
Baroda BNP Paribas Aqua FoF Reg (G),Equity: Global
Motilal Oswal S&P 500 Index Fund Reg (G),Equity: Global
ICICI Pru US Bluechip Equity Fund Reg (G),Equity: Global
Sundaram Global Brand Theme-Equity Active FOF Reg (G),Equity: Global
Kotak Global Innovation Overseas Equity Omni FOF Reg (G),Equity: Global
Axis Global Innovation FoF Reg (G),Equity: Global
Edelweiss US Technology Equity Fund of Fund Reg (G),Equity: Global
ICICI Pru Global Stable Equity Reg (G),Equity: Global
Aditya Birla SL Global Excellence Equity Fund Of Fund Ret (G),Equity: Global
Edelweiss US Value Equity Offshore Fund Reg (G),Equity: Global
Bandhan US specific Equity Active FOF Reg (G),Equity: Global
HSBC Global Equity Climate Change FoF Reg (G),Equity: Global
PGIM India Global Select Real Estate Securities Fund of Fund Reg (G),Equity: Global
Nippon India US Equity Opportunities Fund (G),Equity: Global
Motilal Oswal Nasdaq 100 FOF (G),Equity: Global
Aditya Birla SL Global Emerging Opportunities Fund (G),Equity: Global
Franklin U.S. Opportunities Equity Active FoF (G),Equity: Global
Franklin India Feeder Franklin European Growth Fund (G),Equity: Global
PGIM India Global Equity Opportunities FoF (G),Equity: Global
Edelweiss Gold and Silver E T F FoF Reg (G),Gold: Gold Funds
Motilal Oswal Gold and Silver E T F FoF Reg (G),Gold: Gold Funds
Aditya Birla SL Gold Fund Reg (G),Gold: Gold Funds
Axis Gold Fund (G),Gold: Gold Funds
LIC MF Gold E T F Fund of Fund (G),Gold: Gold Funds
UTI Gold E T F FoF Reg (G),Gold: Gold Funds
HDFC Gold E T F FoF (G),Gold: Gold Funds
DSP Gold E T F Fund of Fund Reg (G),Gold: Gold Funds
SBI Gold Fund Reg (G),Gold: Gold Funds
Quantum Gold Saving Fund Reg (G),Gold: Gold Funds
Mirae Asset Gold E T F FoF Reg (G),Gold: Gold Funds
ICICI Pru Regular Gold Savings FOF Reg (G),Gold: Gold Funds
Invesco India Gold E T F Fund of Fund (G),Gold: Gold Funds
Kotak Gold Fund (G),Gold: Gold Funds
Quantum Gold (G),Gold: Gold Funds
Groww Gold E T F FOF Reg (G),Gold: Gold Funds
Nippon India Gold Savings Fund (G),Gold: Gold Funds
Union Gold E T F FoF Reg (G),Gold: Gold Funds
Baroda BNP Paribas Gold E T F FoF (G),Gold: Gold Funds
Mirae Asset Gold Silver Passive FoF (G),Gold: Gold Funds
Angel One Gold E T F FoF (G),Gold: Gold Funds
Axis Gold and Silver Passive FoF (G),Gold: Gold Funds
Motilal Oswal Nifty MidSmall Financial Services Index Fund Reg (G),Equity: Index
Kotak Nifty Financial Services Ex-Bank Index Fund Reg (G),Equity: Index
ICICI Pru Nifty200 Value 30 Index Fund Reg (G),Equity: Index
Motilal Oswal BSE Enhanced Value Index Fund Reg (G),Equity: Index
ICICI Pru Nifty Bank Index Fund (G),Equity: Index
DSP Nifty Bank Index Fund Reg (G),Equity: Index
Nippon India Nifty Bank Index Fund Reg (G),Equity: Index
Navi Nifty Bank Index Fund Reg (G),Equity: Index
Motilal Oswal Nifty Bank Index Fund (G),Equity: Index
Axis Nifty Bank Index Fund Reg (G),Equity: Index
Motilal Oswal Nifty Capital Market Index Fund Reg (G),Equity: Index
Bandhan Nifty Bank Index Fund Reg (G),Equity: Index
Tata Nifty Capital Markets Index Fund Reg (G),Equity: Index
Nippon India Nifty Auto Index Fund Reg (G),Equity: Index
ICICI Pru Nifty Auto Index Fund Reg (G),Equity: Index
Tata Nifty Auto Index Fund Reg (G),Equity: Index
Motilal Oswal BSE Financials ex Bank 30 Index Fund Reg (G),Equity: Index
Tata Nifty Financial Services Index Fund Reg (G),Equity: Index
UTI Nifty Private Bank Index Fund Reg (G),Equity: Index
SBI Nifty Bank Index Fund Reg (G),Equity: Index
Motilal Oswal Nifty India Defence Index Fund Reg (G),Equity: Index
UTI Nifty 500 Value 50 Index Fund Reg (G),Equity: Index
Bandhan Nifty 500 Value 50 Index Fund Reg (G),Equity: Index
Aditya Birla SL Nifty India Defence Index Fund Reg (G),Equity: Index
DSP BSE Sensex Next 30 Index Fund Reg (G),Equity: Index
Kotak BSE PSU Index Fund Reg (G),Equity: Index
HDFC NIFTY 50 Equal weight Index Fund (G),Equity: Index
UTI NIFTY 50 Equal Weight Index Fund Reg (G),Equity: Index
DSP Nifty 50 Equal Weight Index Fund Reg (G),Equity: Index
ICICI Pru Nifty50 Equal Weight Index Fund Reg (G),Equity: Index
SBI Nifty50 Equal Weight Index Fund Reg (G),Equity: Index
Aditya Birla SL Nifty 50 Equal Weight Index Fund Reg (G),Equity: Index
Kotak Nifty 50 Equal Weight Index Fund Reg (G),Equity: Index
Navi Nifty India Manufacturing Index Fund Reg (G),Equity: Index
UTI Nifty 50 Index Fund (G),Equity: Index
Navi Nifty 50 Index Fund Reg (G),Equity: Index
DSP Nifty 50 Index Fund Reg (G),Equity: Index
Kotak Nifty 50 Index Fund Reg (G),Equity: Index
HDFC Nifty 50 Index Fund (G),Equity: Index
ICICI Pru Nifty 50 Index Fund Reg (G),Equity: Index
HSBC Nifty 50 Index Fund Reg (G),Equity: Index
Aditya Birla SL Nifty 50 Index Fund Reg (G),Equity: Index
Nippon India Index Fund Nifty 50 Plan (G),Equity: Index
SBI Nifty Index Fund Reg (G),Equity: Index
Axis Nifty 50 Index Fund Reg (G),Equity: Index
ICICI Pru BHARAT 22 FOF,Equity: Index
Franklin India NSE Nifty 50 Index Fund (G),Equity: Index
Motilal Oswal Nifty 50 Index Fund Reg (G),Equity: Index
Edelweiss Nifty 50 Index Fund Reg (G),Equity: Index
Bandhan Nifty 50 Index Fund Reg (G),Equity: Index
Tata Nifty 50 Index Fund Regular Plan,Equity: Index
Baroda BNP Paribas NIFTY 50 Index Fund Reg (G),Equity: Index
Mirae Asset Nifty 50 Index Fund Reg (G),Equity: Index
Taurus Nifty 50 Index Fund (G),Equity: Index
Axis Nifty Midcap 50 Index Fund Reg (G),Equity: Index
LIC MF Nifty 50 Index Fund (G),Equity: Index
Kotak Nifty Midcap 50 Index Fund Reg (G),Equity: Index
Bandhan Nifty 100 Index Fund Reg (G),Equity: Index
HDFC NIFTY 100 Index Fund (G),Equity: Index
UTI Sensex Index Fund Reg (G),Equity: Index
ICICI Pru BSE Sensex Index Fund Reg (G),Equity: Index
HDFC BSE Sensex Index Fund,Equity: Index
Axis Nifty 100 Index Fund (G),Equity: Index
Nippon India Index Fund BSE Sensex Plan (G),Equity: Index
SBI S&P BSE Sensex Index Fund Reg (G),Equity: Index
Axis BSE Sensex Index Fund Reg (G),Equity: Index
TATA BSE Sensex Index Fund Regular Plan,Equity: Index
HDFC Nifty 100 Equal Weight Index Fund (G),Equity: Index
ICICI Pru Nifty 100 Low Vol 30 E T F FOF Reg (G),Equity: Index
Navi S&P BSE Sensex Index Fund Reg (G),Equity: Index
HDFC NIFTY100 Low Volatility 30 Index Fund Reg (G),Equity: Index
Sundaram Nifty 100 Equal Weight Fund Reg (G),Equity: Index
Kotak NIFTY 100 Low Volatility 30 Index Fund Reg (G),Equity: Index
Kotak Nifty 100 Equal Weight Index Fund Reg (G),Equity: Index
Bandhan Nifty100 Low Volatility 30 Index Fund Reg (G),Equity: Index
LIC MF BSE Sensex Index Fund (G),Equity: Index
SBI Nifty India Consumption Index Fund Reg (G),Equity: Index
ICICI Pru Nifty LargeMidcap 250 Index Fund Reg (G),Equity: Index
Tata BSE Select Business Groups Index Fund Reg (G),Equity: Index
Edelweiss NIFTY Large Mid Cap 250 Index Fund Reg (G),Equity: Index
Mirae Asset Nifty LargeMidcap 250 Index Fund Reg (G),Equity: Index
Motilal Oswal Nifty 500 Index Fund (G),Equity: Index
SBI Nifty 500 Index Fund Reg (G),Equity: Index
Axis Nifty 500 Index Fund Reg (G),Equity: Index
Edelweiss MSCI India Domestic & World Healthcare 45 Index Fund Reg (G),Equity: Index
HDFC BSE 500 Index Fund Reg (G),Equity: Index
ICICI Pru Nifty 500 Index Fund Reg (G),Equity: Index
ICICI Pru BSE 500 E T F FOF Reg (G),Equity: Index
Edelweiss Nifty 100 Quality 30 Index Fund Reg (G),Equity: Index
Tata Nifty500 Multicap India Manufacturing 50:30:20 Index Fund Reg (G),Equity: Index
Motilal Oswal BSE Quality Index Fund Reg (G),Equity: Index
UTI S&P BSE Low Volatility Index Fund Reg (G),Equity: Index
DSP Nifty Next 50 Index Fund Reg (G),Equity: Index
Mirae Asset Nifty Total Market Index Fund Reg (G),Equity: Index
Groww Nifty Total Market Index Fund Reg (G),Equity: Index
Nippon India Nifty Next 50 Junior BeES FoF (G),Equity: Index
Motilal Oswal BSE Low Volatility Index Fund Reg (G),Equity: Index
Bandhan Nifty Total Market Index Fund Reg (G),Equity: Index
Nippon India Nifty Midcap 150 Index Fund Reg (G),Equity: Index
SBI Nifty Midcap 150 Index Fund Reg (G),Equity: Index
HDFC NIFTY next 50 Index Fund (G),Equity: Index
SBI Nifty Next 50 Index Fund Reg (G),Equity: Index
UTI Nifty Next 50 Index Fund (G),Equity: Index
HDFC NIFTY Midcap 150 Index Fund Reg (G),Equity: Index
ICICI Pru Nifty Next 50 Index Fund Reg (G),Equity: Index
Motilal Oswal Nifty Midcap 150 Index Fund Reg (G),Equity: Index
Kotak Nifty Next 50 Index Fund Reg (G),Equity: Index
ICICI Pru Nifty Midcap 150 Index Fund (G),Equity: Index
LIC MF Nifty Next 50 Index Fund (G),Equity: Index
UTI Nifty Midcap 150 Index Fund Reg (G),Equity: Index
Aditya Birla SL Nifty Midcap 150 Index Fund Reg (G),Equity: Index
HSBC Nifty Next 50 Index Fund Reg (G),Equity: Index
Edelweiss Nifty Next 50 Index Fund Reg (G),Equity: Index
Aditya Birla SL Nifty Next 50 Index Fund Reg (G),Equity: Index
Baroda BNP Paribas Nifty Midcap 150 Index Fund Reg (G),Equity: Index
Navi Nifty Next 50 Index Fund Reg (G),Equity: Index
Motilal Oswal Nifty Next 50 Index Fund Reg (G),Equity: Index
Axis Nifty Next 50 Index Fund Reg (G),Equity: Index
Navi Nifty Midcap 150 Index Fund Reg (G),Equity: Index
Bandhan Nifty Midcap 150 Index Fund Reg (G),Equity: Index
DSP Nifty Top 10 Equal Weight Index Fund Reg (G),Equity: Index
HDFC Nifty500 Multicap 50:25:25 Index Fund Reg (G),Equity: Index
UTI Nifty200 Quality 30 Index Fund Reg (G),Equity: Index
Bandhan Nifty 200 Quality 30 Index Fund Reg (G),Equity: Index
Kotak Nifty 200 Momentum 30 Index Fund Reg (G),Equity: Index
UTI Nifty200 Momentum 30 Index Fund (G),Equity: Index
ICICI Pru Nifty Alpha Low Vol 30 E T F FOF (G),Equity: Index
Mirae Asset Nifty India New Age Consumption E T F FoF Reg (G),Equity: Index
Tata Nifty500 Multicap Infrastructure 50:30:20 Index Fund Reg (G),Equity: Index
HDFC NIFTY200 Momentum 30 Index Fund Reg (G),Equity: Index
UTI Nifty Alpha Low-Volatility 30 Index Fund Reg (G),Equity: Index
Nippon India Nifty Alpha Low Volatility 30 Index Fund Reg (G),Equity: Index
ICICI Pru Nifty 200 Momentum 30 Index Fund Reg (G),Equity: Index
ICICI Pru Nifty50 Value 20 Index Fund Reg (G),Equity: Index
Edelweiss Nifty Alpha Low Volatility 30 Index Fund Reg (G),Equity: Index
Nippon India Nifty 50 Value 20 Index Fund Reg (G),Equity: Index
Bandhan Nifty200 Momentum 30 Index Fund Reg (G),Equity: Index
Motilal Oswal Nifty 200 Momentum 30 Index Fund Reg (G),Equity: Index
HDFC Nifty India Digital Index Fund Reg (G),Equity: Index
Tata Nifty200 Alpha 30 Index Reg (G),Equity: Index
Kotak Nifty Midcap 150 Momentum 50 Index Reg (G),Equity: Index
Tata Nifty Midcap 150 Momentum 50 Index Fund Reg (G),Equity: Index
Edelweiss Nifty Midcap150 Momentum 50 Index Fund Reg (G),Equity: Index
Groww Nifty Non-Cyclical Consumer Index Fund Reg (G),Equity: Index
Motilal Oswal Nifty MidSmall Healthcare Index Fund Reg (G),Equity: Index
Tata Nifty MidSmall Healthcare Index Fund Reg (G),Equity: Index
UTI Nifty Midsmallcap 400 Momentum Quality 100 Index Fund (G),Equity: Index
UTI Nifty India Manufacturing Index Fund (G),Equity: Index
Axis Nifty500 Momentum 50 Index Fund Reg (G),Equity: Index
HDFC Nifty100 Quality 30 Index Fund (G),Equity: Index
Kotak BSE Sensex Index Fund (G),Equity: Index
SBI Nifty IT Index Fund (G),Equity: Index
Bandhan Nifty Next 50 Index Fund Reg (G),Equity: Index
Angel One Nifty Total Market Index Fund Reg (G),Equity: Index
DSP Nifty Private Bank Index Fund (G),Equity: Index
Navi Nifty Smallcap250 Momentum Quality 100 Index Fund Reg (G),Equity: Index
Kotak Nifty Commodities Index Fund Reg (G),Equity: Index
Mirae Asset BSE 200 Equal Weight E T F FoF Reg (G),Equity: Index
Mirae Asset BSE Select IPO E T F FoF Reg (G),Equity: Index
HDFC Nifty Top 20 Equal Weight Index Fund Reg (G),Equity: Index
Kotak Nifty Midcap 150 Index Fund Reg (G),Equity: Index
SBI BSE PSU Bank Index Fund (G),Equity: Index
Tata BSE Quality Index Fund Reg (G),Equity: Index
Kotak Nifty Top 10 Equal Weight Index Fund Reg (G),Equity: Index
Nippon India Nifty 500 Quality 50 Index Fund Reg (G),Equity: Index
Nippon India Nifty 500 Low Volatility 50 Index Fund Reg (G),Equity: Index
Bajaj Finserv Nifty Next 50 Index Fund (G),Equity: Index
Edelweiss BSE Internet Economy Index Fund (G),Equity: Index
Bajaj Finserv Nifty 50 Index Fund (G),Equity: Index
Angel One Nifty 50 Index Fund Reg (G),Equity: Index
ICICI Pru Nifty 200 Quality 30 Index Fund Reg (G),Equity: Index
SBI Nifty200 Quality 30 Index Fund Reg (G),Equity: Index
DSP Nifty Healthcare Index Fund Reg (G),Equity: Index
DSP Nifty IT Index Fund Reg (G),Equity: Index
Tata Nifty Midcap 150 Index Fund Reg (G),Equity: Index
ICICI Pru Nifty Top 15 Equal Weight Index Fund (G),Equity: Index
Motilal Oswal BSE 1000 Index Fund (G),Equity: Index
Kotak Nifty 200 Quality 30 Index Fund (G),Equity: Index
Groww Nifty 50 Index Reg (G),Equity: Index
Aditya Birla SL BSE 500 Momentum 50 Index Fund (G),Equity: Index
Aditya Birla SL BSE 500 Quality 50 Index Fund (G),Equity: Index
Kotak Nifty Alpha 50 Index Fund Reg (G),Equity: Index
Groww Nifty Next 50 Index Fund (G),Equity: Index
Groww Nifty Next 50 Index Fund IDCW,Equity: Index
Nippon India Nifty India Manufacturing Index Fund (G),Equity: Index
DSP Nifty500 Flexicap Quality 30 Index Fund (G),Equity: Index
Axis Nifty500 Quality 50 Index Fund (G),Equity: Index
Bandhan BSE India Sector Leaders Index Fund Reg (G),Equity: Index
Tata Nifty Next 50 Index Fund Reg (G),Equity: Index
Groww Nifty Midcap 150 Index Fund (G),Equity: Index
HDFC BSE India Sector Leaders Index Fund (G),Equity: Index
Navi Nifty MidSmallcap 400 Index (G),Equity: Index
DSP Nifty Smallcap 250 Index Fund (G),Equity: Index
DSP Nifty Midcap 150 Index Fund (G),Equity: Index
Kotak Nifty500 Momentum 50 Index Fund (G),Equity: Index
Tata BSE Multicap Consumption 50:30:20 Index Fund (G),Equity: Index
DSP Nifty 500 Index Fund (G),Equity: Index
Kotak Nifty Smallcap 250 Index Fund Reg (G),Equity: Index
Bandhan Nifty Alpha Low Volatility 30 Index Fund Reg (G),Equity: Index
Nippon India Nifty 500 Momentum 50 Index Reg (G),Equity: Index
DSP Nifty Midcap 150 Quality 50 Index Fund Reg (G),Equity: Index
Motilal Oswal Nifty 500 Momentum 50 Index Reg (G),Equity: Index
Bandhan Nifty 500 Momentum 50 Index Fund Reg (G),Equity: Index
UTI Nifty Midcap 150 Quality 50 Index Fund (G),Equity: Index
Nippon India Nifty 500 Equal Weight Index Fund Reg (G),Equity: Index
ICICI Pru Nifty Pharma Index Fund Reg (G),Equity: Index
Bandhan BSE Healthcare Index Fund Reg (G),Equity: Index
Kotak S&P BSE Housing Index Fund Reg (G),Equity: Index
UTI S&P BSE Housing Index Fund Reg (G),Equity: Index
Kotak Nifty Smallcap 50 Index Fund Reg (G),Equity: Index
Aditya Birla SL Nifty Smallcap 50 Index Fund Reg (G),Equity: Index
Axis Nifty Smallcap 50 Index Fund Reg (G),Equity: Index
Edelweiss Nifty500 Multicap Momentum Quality 50 Index Fund Reg (G),Equity: Index
Aditya Birla SL BSE India Infrastructure Index Fund Reg (G),Equity: Index
Mirae Asset Nifty MidSmallcap400 Momentum Quality 100 E T F FoF Reg (G),Equity: Index
Motilal Oswal Nifty MidSmall IT and Telecom Index Fund Reg (G),Equity: Index
Motilal Oswal Nifty Smallcap 250 Index Fund (G),Equity: Index
HDFC NIFTY Smallcap 250 Index Fund Reg (G),Equity: Index
SBI Nifty Smallcap 250 Index Fund Reg (G),Equity: Index
Groww Nifty Smallcap 250 Index Fund Reg (G),Equity: Index
Edelweiss Nifty Smallcap 250 Index Fund Reg (G),Equity: Index
Bandhan Nifty Alpha 50 Index Fund Reg (G),Equity: Index
Bandhan Nifty Smallcap 250 Index Fund Reg (G),Equity: Index
Nippon India Nifty Smallcap 250 Index Fund Reg (G),Equity: Index
Motilal Oswal Nifty MidSmall India Consumption Index Fund Reg (G),Equity: Index
ICICI Pru Nifty IT Index Fund Reg (G),Equity: Index
Nippon India Nifty IT Index Fund Reg (G),Equity: Index
Kotak Nifty India Tourism Index Fund Reg (G),Equity: Index
Bandhan Nifty IT Index Fund Reg (G),Equity: Index
Tata Nifty India Tourism Index Fund Reg (G),Equity: Index
Axis Nifty IT Index Fund Reg (G),Equity: Index
Navi NIFTY IT Index Fund Reg (G),Equity: Index
DSP Nifty Smallcap250 Quality 50 Index Fund Reg (G),Equity: Index
Mirae Asset Nifty Smallcap 250 Momentum Quality 100 E T F FoF Reg (G),Equity: Index
Groww Nifty India Railways PSU Index Fund Reg (G),Equity: Index
HDFC NIFTY Realty Index Fund Reg (G),Equity: Index
Motilal Oswal Nifty Microcap 250 Index Fund Reg (G),Equity: Index
Nippon India Nifty Realty Index Fund Reg (G),Equity: Index
Tata Nifty Realty Index Fund Reg (G),Equity: Index
Kotak Multi Asset Allocation Fund Reg (G),Hybrid: Multi-Asset
DSP Multi Asset Allocation Fund Reg (G),Hybrid: Multi-Asset
Aditya Birla SL Multi-Asset Omni FOF (G),Hybrid: Multi-Asset
Invesco India Multi Asset Allocation Fund Reg (G),Hybrid: Multi-Asset
Union Multi Asset Allocation Fund Reg (G),Hybrid: Multi-Asset
Aditya Birla SL Multi Asset Allocation Fund Reg (G),Hybrid: Multi-Asset
Samco Multi Asset Allocation Fund Reg (G),Hybrid: Multi-Asset
Bajaj Finserv Multi Asset Allocation Fund Reg (G),Hybrid: Multi-Asset
Nippon India Multi-Asset Allocation Fund Reg (G),Hybrid: Multi-Asset
Bandhan Multi Asset Allocation Fund Reg (G),Hybrid: Multi-Asset
Sundaram Multi Asset Allocation Fund Reg (G),Hybrid: Multi-Asset
Mahindra Manulife Multi Asset Allocation Fund Reg (G),Hybrid: Multi-Asset
Aditya Birla SL Multi Asset Passive FOF Reg (G),Hybrid: Multi-Asset
Axis Multi Asset Allocation Fund Reg (G),Hybrid: Multi-Asset
Quant Multi Asset Allocation Fund (G),Hybrid: Multi-Asset
Kotak Multi Asset Omni FOF Reg (G),Hybrid: Multi-Asset
SBI Multi Asset Allocation Fund Reg (G),Hybrid: Multi-Asset
Mirae Asset Multi Asset Allocation Fund Reg (G),Hybrid: Multi-Asset
HSBC Multi Asset Allocation Fund Reg (G),Hybrid: Multi-Asset
WhiteOak Capital Multi Asset Allocation Fund Reg (G),Hybrid: Multi-Asset
ICICI Pru Passive Multi Asset Fund OF Fund (G),Hybrid: Multi-Asset
Baroda BNP Paribas Multi Asset Fund Reg (G),Hybrid: Multi-Asset
Shriram Multi Asset Allocation Fund Reg (G),Hybrid: Multi-Asset
Motilal Oswal Asset Allocation Passive FoF Aggressive Reg (G),Hybrid: Multi-Asset
ICICI Pru Multi Asset Fund (G),Hybrid: Multi-Asset
Tata Multi Asset Allocation Fund Reg (G),Hybrid: Multi-Asset
HDFC Multi-Asset Active FoF Reg (G),Hybrid: Multi-Asset
Motilal Oswal Asset Allocation Passive FoF Conservative Reg (G),Hybrid: Multi-Asset
HDFC Multi-Asset Allocation Fund (G),Hybrid: Multi-Asset
Quantum Multi Asset Allocation Fund Reg (G),Hybrid: Multi-Asset
Bank of India Multi Asset Allocation Fund Reg (G),Hybrid: Multi-Asset
UTI Multi Asset Allocation Fund Reg (G),Hybrid: Multi-Asset
Edelweiss Multi Asset Allocation Fund Reg (G),Hybrid: Multi-Asset
Axis Retirement Fund Dynamic Plan (G),Hybrid: Multi-Asset
LIC MF Multi Asset Allocation Fund (G),Hybrid: Multi-Asset
Canara Robeco Multi Asset Allocation Fund (G),Hybrid: Multi-Asset
Franklin India Multi Asset Allocation Fund Reg (G),Hybrid: Multi-Asset
360 ONE Multi Asset Allocation Fund (G),Hybrid: Multi-Asset
Edelweiss Multi Asset Omni FoF (G),Hybrid: Multi-Asset
Groww Multi Asset Allocation Fund Reg (G),Hybrid: Multi-Asset
PGIM India Multi Asset Allocation Fund Reg (G),Hybrid: Multi-Asset
The Wealth Company Multi Asset Allocation Fund (G),Hybrid: Multi-Asset
Axis Multi-Asset Active FoF (G),Hybrid: Multi-Asset
Groww Multi Asset Omni FoF (G),Hybrid: Multi-Asset
Motilal Oswal Multi-Asset Fund Reg (G),Hybrid: Multi-Asset
Quant BFSI Fund Reg (G),Equity: Sectoral
ITI Banking and Financial Services Fund Reg (G),Equity: Sectoral
SBI Banking & Financial Services Fund Reg (G),Equity: Sectoral
Mirae Asset Banking and Financial Services Fund Reg (G),Equity: Sectoral
DSP Banking & Financial Services Fund Reg (G),Equity: Sectoral
LIC Banking & Financial Services Fund-Reg (G),Equity: Sectoral
UTI Banking and Financial Services Fund (G),Equity: Sectoral
HDFC Banking and Financial Services Fund Reg (G),Equity: Sectoral
Aditya Birla SL Banking and Financial Services Fund Reg (G),Equity: Sectoral
Nippon India Banking & Financial Services Fund (G),Equity: Sectoral
Sundaram Financial Services Opp Reg (G),Equity: Sectoral
Tata Banking and Financial Services Fund Reg (G),Equity: Sectoral
WhiteOak Capital Banking & Financial Services Fund Reg (G),Equity: Sectoral
Invesco India Financial Services Fund Reg (G),Equity: Sectoral
Kotak Banking & Financial Services Fund Reg (G),Equity: Sectoral
Baroda BNP Paribas Banking and Financial Services Fund (G),Equity: Sectoral
Groww Banking & Financial Services Fund Reg (G),Equity: Sectoral
ICICI Pru Banking and Financial Services Fund Reg (G),Equity: Sectoral
Bandhan Financial Services Fund Reg (G),Equity: Sectoral
Helios Financial Services Fund Reg (G),Equity: Sectoral
Taurus Banking & Financial Services (G),Equity: Sectoral
WhiteOak Capital Digital Bharat Fund Reg (G),Equity: Sectoral
Bank of India Manufacturing and Infrastructure Fund (G),Equity: Sectoral
ICICI Pru Infrastructure Fund Reg (G),Equity: Sectoral
Franklin Build India Fund (G),Equity: Sectoral
UTI Infrastructure Fund (G),Equity: Sectoral
Sundaram Infrastucture Advantage Fund Reg (G),Equity: Sectoral
HDFC Housing Opp Fund Reg (G),Equity: Sectoral
SBI Technology Opportunities Fund Reg (G),Equity: Sectoral
Edelweiss Technology Fund Reg (G),Equity: Sectoral
HDFC Infrastructure Fund (G),Equity: Sectoral
HDFC Pharma and Healthcare Fund Reg (G),Equity: Sectoral
Tata Nifty India Digital E T F FoF (G),Equity: Sectoral
Canara Robeco Infrastructure Fund Reg (G),Equity: Sectoral
Motilal Oswal Digital India Fund Reg (G),Equity: Sectoral
Invesco India Technology Fund Reg (G),Equity: Sectoral
Franklin India Technology Fund (G),Equity: Sectoral
WhiteOak Capital Pharma and Healthcare Fund Reg (G),Equity: Sectoral
Aditya Birla SL Infrastructure Fund Reg (G),Equity: Sectoral
DSP India T.I.G.E.R. Fund Reg (G),Equity: Sectoral
HSBC Financial Services Fund (G),Equity: Sectoral
Motilal Oswal Infrastructure Fund (G),Equity: Sectoral
Baroda BNP Paribas Health and Wellness Fund (G),Equity: Sectoral
ICICI Pru Nifty Private Bank Index Fund (G),Equity: Sectoral
Mahindra Manulife Banking & Financial Services Fund (G),Equity: Sectoral
Bandhan Healthcare Fund (G),Equity: Sectoral
Bajaj Finserv Banking And Financial Services Fund Reg (G),Equity: Sectoral
ICICI Pru Technology Fund (G),Equity: Sectoral
ICICI Pru Pharma Healthcare And Diagnostics Fund (G),Equity: Sectoral
Nippon India Pharma Fund (G),Equity: Sectoral
Aditya Birla SL Pharma & Healthcare Fund (G),Equity: Sectoral
SBI Infrastructure Fund Reg Plan (G),Equity: Sectoral
Taurus Infrastructure Fund (G),Equity: Sectoral
Mirae Asset Healthcare Fund (G),Equity: Sectoral
Kotak Technology Fund Reg (G),Equity: Sectoral
Aditya Birla SL Digital India Fund Reg (G),Equity: Sectoral
HDFC Technology Fund Reg (G),Equity: Sectoral
UTI Healthcare Fund (G),Equity: Sectoral
Kotak Infra & Eco Reform Std (G),Equity: Sectoral
Tata India Pharma & HealthCare Fund Reg Plan (G),Equity: Sectoral
SBI Healthcare Opportunities Fund Reg (G),Equity: Sectoral
PGIM India Healthcare Fund Reg (G),Equity: Sectoral
HSBC Infrastructure Fund Reg (G),Equity: Sectoral
LIC Infrastructure Fund (G),Equity: Sectoral
Bajaj Finserv Healthcare Fund Reg (G),Equity: Sectoral
LIC MF Healthcare Fund (G),Equity: Sectoral
Kotak Healthcare Fund Reg (G),Equity: Sectoral
Tata Infrastructure Fund (G),Equity: Sectoral
Tata Digital India Fund Reg Plan (G),Equity: Sectoral
Quant Infrastructure Fund (G),Equity: Sectoral
DSP Healthcare Fund (G),Equity: Sectoral
Bandhan Infrastructure Fund Reg (G),Equity: Sectoral
Quant Healthcare Fund Reg (G),Equity: Sectoral
Invesco India Infrastructure Fund (G),Equity: Sectoral
ITI Pharma and Healthcare Fund Reg (G),Equity: Sectoral
Quant Teck Fund Reg (G),Equity: Sectoral
HDFC Transportation and Logistics Fund Reg (G),Equity: Thematic
UTI Transportation & Logistics (G),Equity: Thematic
Bandhan Transportation and Logistics Fund Reg (G),Equity: Thematic
DSP Natural Resources & New Energy Reg (G),Equity: Thematic
ICICI Pru Transportation and Logistics Fund Reg (G),Equity: Thematic
SBI Automotive Opportunities Fund Reg (G),Equity: Thematic
ICICI Pru Commodities Fund Reg (G),Equity: Thematic
Groww Nifty India Defence E T F FoF Reg (G),Equity: Thematic
Kotak Transportation & Logistics Fund Reg (G),Equity: Thematic
ICICI Pru Business Cycle Fund Reg (G),Equity: Thematic
Aditya Birla SL Special Opportunities Fund Reg (G),Equity: Thematic
Aditya Birla SL Transportation and Logistics Fund Reg (G),Equity: Thematic
ICICI Pru Rural Opp Fund Reg (G),Equity: Thematic
ICICI Pru India Opportunities Fund (G),Equity: Thematic
SBI PSU Fund Reg (G),Equity: Thematic
SBI Comma Fund Reg (G),Equity: Thematic
Aditya Birla SL PSU Equity Fund Reg (G),Equity: Thematic
Invesco India PSU Equity Fund (G),Equity: Thematic
HDFC Defence Fund Reg (G),Equity: Thematic
ICICI Pru Equity Minimum Variance Fund Reg (G),Equity: Thematic
Aditya Birla SL Quant Fund Reg (G),Equity: Thematic
Mirae Asset ESG Sector Leaders FoF Reg (G),Equity: Thematic
Nippon India Quant Fund (G),Equity: Thematic
Sundaram Services Fund (G),Equity: Thematic
Kotak ESG Exclusionary Strategy Fund Reg (G),Equity: Thematic
Mirae Asset Nifty India Manufacturing E T F FoF Reg (G),Equity: Thematic
ICICI Pru Innovation Fund Reg (G),Equity: Thematic
WhiteOak Capital Special Opportunities Fund Reg (G),Equity: Thematic
Baroda BNP Paribas Energy Opp Fund (G),Equity: Thematic
DSP Quant Fund Reg (G),Equity: Thematic
SBI Quant Fund Reg (G),Equity: Thematic
ICICI Pru Exports and Services Fund Reg (G),Equity: Thematic
Tata Resources & Energy Fund Reg Plan (G),Equity: Thematic
ICICI Pru Manufacturing Fund Reg (G),Equity: Thematic
ICICI Pru Thematic Advantage Fund (FOF) (G),Equity: Thematic
Kotak Manufacture in India Fund Reg (G),Equity: Thematic
Mahindra Manulife Business Cycle Fund Reg (G),Equity: Thematic
360 One Quant Fund Reg (G),Equity: Thematic
Baroda BNP Paribas Manufacturing Fund Reg (G),Equity: Thematic
ICICI Pru PSU Equity Fund Reg (G),Equity: Thematic
WhiteOak Capital ESG Best-In-Class Strategy Fund Reg (G),Equity: Thematic
ICICI Pru Housing Opp Fund (G),Equity: Thematic
Aditya Birla SL ESG Integration Strategy Fund Reg (G),Equity: Thematic
Kotak Quant Fund Reg (G),Equity: Thematic
ICICI Pru Quant Fund Reg (G),Equity: Thematic
Kotak MNC Fund Reg (G),Equity: Thematic
SBI ESG Exclusionary Strategy Fund Reg (G),Equity: Thematic
Kotak Pioneer Fund (G),Equity: Thematic
DSP Business Cycle Fund Reg (G),Equity: Thematic
ICICI Pru Energy Opportunities Fund Reg (G),Equity: Thematic
Kotak Business Cycle Fund Reg (G),Equity: Thematic
HDFC Manufacturing Fund Reg (G),Equity: Thematic
Aditya Birla SL Business Cycle Fund Reg(G),Equity: Thematic
Bandhan Innovation Fund Reg (G),Equity: Thematic
Baroda BNP Paribas Dividend Yield Fund Reg (G),Equity: Thematic
Bank of India Consumption Fund Reg (G),Equity: Thematic
Franklin India Opportunities Fund (G),Equity: Thematic
Axis ESG Integration Strategy Fund Reg (G),Equity: Thematic
Union Business Cycle Fund Reg (G),Equity: Thematic
Bandhan Business Cycle Fund Reg (G),Equity: Thematic
SBI Equity Minimum Variance Fund Reg (G),Equity: Thematic
Axis Business Cycles Fund Reg (G),Equity: Thematic
Aditya Birla SL Consumption Fund Reg (G),Equity: Thematic
ICICI Pru ESG Exclusionary Strategy Fund Reg (G),Equity: Thematic
Quant Quantamental Fund Reg (G),Equity: Thematic
ICICI Pru MNC Fund Reg (G),Equity: Thematic
UTI India Consumer Fund (G),Equity: Thematic
Nippon India Innovation Fund Reg (G),Equity: Thematic
Mahindra Manulife Manufacturing Fund Reg (G),Equity: Thematic
Axis Innovation Fund Reg (G),Equity: Thematic
UTI MNC Fund (G),Equity: Thematic
Axis India Manufacturing Fund Reg (G),Equity: Thematic
UTI Quant Fund Reg (G),Equity: Thematic
Mirae Asset Nifty EV and New Age Automotive E T F,Equity: Thematic
Axis Consumption Fund Reg (G),Equity: Thematic
HDFC Business Cycle Fund Reg (G),Equity: Thematic
Axis Quant Fund Reg (G),Equity: Thematic
Aditya Birla SL Conglomerate Reg (G),Equity: Thematic
Canara Robeco Consumer Trends Fund Reg.plan (G),Equity: Thematic
Baroda BNP Paribas Innovation Fund Reg (G),Equity: Thematic
Baroda BNP Paribas Business Cycle Fund Reg (G),Equity: Thematic
Kotak Consumption Fund Reg (G),Equity: Thematic
SBI Energy Opportunities Fund Reg (G),Equity: Thematic
WhiteOak Capital Quality Equity Fund Reg (G),Equity: Thematic
Aditya Birla SL Manufacturing Equity Fund Reg (G),Equity: Thematic
Edelweiss Business Cycle Fund Reg (G),Equity: Thematic
Mirae Asset Great Consumer Fund Reg (G),Equity: Thematic
Motilal Oswal Business Cycle Fund Reg (G),Equity: Thematic
HDFC Non-Cyclical Consumer Fund Reg (G),Equity: Thematic
HSBC Consumption Fund Reg (G),Equity: Thematic
Tata Business Cycle Fund Reg (G),Equity: Thematic
Groww Nifty EV & New Age Automotive E T F FOF Reg (G),Equity: Thematic
HDFC MNC Fund Reg (G),Equity: Thematic
Mahindra Manulife Consumption Fund Reg (G),Equity: Thematic
Baroda BNP Paribas India Consumption Fund Reg (G),Equity: Thematic
HSBC India Export Opportunities Fund Reg (G),Equity: Thematic
Quantum ESG Best in Class Strategy Fund (G),Equity: Thematic
Tata India Consumer Fund Reg Plan (G),Equity: Thematic
Sundaram Business Cycle Fund Reg (G),Equity: Thematic
Tata Housing Opportunities Fund Reg (G),Equity: Thematic
Canara Robeco Manufacturing Fund Reg (G),Equity: Thematic
ICICI Pru Bharat Consumption Fund (G),Equity: Thematic
Nippon India Consumption Fund (G),Equity: Thematic
HSBC Business Cycles Fund (G),Equity: Thematic
Quant Momentum Fund Reg (G),Equity: Thematic
Edelweiss Consumption Fund (G),Equity: Thematic
Motilal Oswal Innovation Opp Fund (G),Equity: Thematic
Nippon India Active Momentum Fund Reg (G),Equity: Thematic
Invesco India Business Cycle Fund (G),Equity: Thematic
ITI Bharat Consumption Fund Reg (G),Equity: Thematic
Motilal Oswal Active Momentum Fund Reg (G),Equity: Thematic
ICICI Pru Nifty EV & New Age Automotive E T F FoF (G),Equity: Thematic
Kotak Energy Opportunities Fund Reg (G),Equity: Thematic
ICICI Pru Quality Fund Reg (G),Equity: Thematic
Motilal Oswal Services Fund (G),Equity: Thematic
Groww Nifty India Internet E T F FoF Reg (G),Equity: Thematic
HDFC Innovation Fund (G),Equity: Thematic
Sundaram Multi-Factor Fund (G),Equity: Thematic
Nippon India MNC Fund (G),Equity: Thematic
ICICI Pru Active Momentum Fund (G),Equity: Thematic
Axis Services Opportunities Fund (G),Equity: Thematic
Bandhan Multi-Factor Fund (G),Equity: Thematic
Quant Manufacturing Fund Reg IDCW Reinv,Equity: Thematic
Motilal Oswal Special Opportunities Fund Reg (G),Equity: Thematic
Kotak Active Momentum Fund (G),Equity: Thematic
Mirae Asset Multi Factor Passive FOF (G),Equity: Thematic
Baroda BNP Paribas Business Conglomerates Fund Reg (G),Equity: Thematic
The Wealth Company Ethical Fund Reg (G),Equity: Thematic
ICICI Pru Conglomerate Fund Reg (G),Equity: Thematic
Invesco India Consumption Fund (G),Equity: Thematic
Motilal Oswal Consumption Fund (G),Equity: Thematic
LIC MF Consumption Fund Reg (G),Equity: Thematic
Franklin India Multi-Factor Fund Reg (G),Equity: Thematic
Kotak Rural Opportunities Fund (G),Equity: Thematic
Mirae Asset Infrastructure Fund (G),Equity: Thematic
Groww Nifty Capital Markets E T F FoF (G),Equity: Thematic
Union Consumption Fund (G),Equity: Thematic
LIC MF Manufacturing Fund Reg (G),Equity: Thematic
Quant ESG Integration Strategy Fund Reg (G),Equity: Thematic
Sundaram Consumption Fund Reg (G),Equity: Thematic
Tata India Innovation Fund Reg (G),Equity: Thematic
Tata Ethical Fund Reg (G),Equity: Thematic
Aditya Birla SL MNC Fund Reg (G),Equity: Thematic
Axis Momentum Fund Reg (G),Equity: Thematic
Union Innovation & Opportunities Fund Reg (G),Equity: Thematic
Kotak Special Opportunities Fund Reg (G),Equity: Thematic
Nippon India Power & Infra Fund (G),Equity: Thematic
Taurus Ethical Fund (G),Equity: Thematic
Motilal Oswal Quant Fund Reg (G),Equity: Thematic
Invesco India ESG Integration Strategy Fund Reg (G),Equity: Thematic
SBI Innovative Opportunities Fund Reg (G),Equity: Thematic
Motilal Oswal Manufacturing Fund Reg (G),Equity: Thematic
Quantum Ethical Fund Reg (G),Equity: Thematic
Invesco India Manufacturing Fund Reg (G),Equity: Thematic
Bajaj Finserv Consumption Fund Reg (G),Equity: Thematic
SBI Consumption Opportunities Fund (G),Equity: Thematic
SBI MNC Fund Reg (G),Equity: Thematic
Quant Commodities Fund Reg (G),Equity: Thematic
Bank of India Business Cycle Fund Reg (G),Equity: Thematic
Quant PSU Fund Reg (G),Equity: Thematic
Samco Special Opportunities Fund Reg (G),Equity: Thematic
ICICI Pru FMCG Fund (G),Equity: Thematic
UTI Innovation Fund Reg (G),Equity: Thematic
Quant Business Cycle Fund Reg (G),Equity: Thematic
Union Active Momentum Fund Reg (G),Equity: Thematic
Shriram Multi Sector Rotation Fund Reg (G),Equity: Thematic
Quant Manufacturing Fund Reg (G),Equity: Thematic
Quant Consumption Fund Reg (G),Equity: Thematic
Samco Active Momentum Fund Reg (G),Equity: Thematic
DSP Credit Risk Fund Reg (G),Debt: Credit Risk
HSBC Credit Risk Fund (G),Debt: Credit Risk
Aditya Birla SL Credit Risk Fund (G),Debt: Credit Risk
Bank of India Credit Risk Fund Reg (G),Debt: Credit Risk
ICICI Pru Credit Risk Fund Reg (G),Debt: Credit Risk
Invesco India Credit Risk Fund Reg (G),Debt: Credit Risk
Nippon India Credit Risk Fund (G),Debt: Credit Risk
Kotak Credit Risk Fund (G),Debt: Credit Risk
Axis Credit Risk Fund (G),Debt: Credit Risk
Baroda BNP Paribas Credit Risk Fund Plan A (G),Debt: Credit Risk
HDFC Credit Risk Debt Fund Reg (G),Debt: Credit Risk
SBI Credit Risk Fund Reg (G),Debt: Credit Risk
UTI Credit Risk Fund (G),Debt: Credit Risk
Bandhan Credit Risk Fund Reg (G),Debt: Credit Risk
ICICI Pru Focused Equity Fund Reg (G),Equity: Focused
Kotak Focused Fund (G),Equity: Focused
SBI Focused Fund Reg (G),Equity: Focused
HDFC Focused Fund (G),Equity: Focused
Aditya Birla SL Focused Fund Reg (G),Equity: Focused
ITI Focused Fund Reg (G),Equity: Focused
Nippon India Focused Fund (G),Equity: Focused
Old Bridge Focused Fund Reg (G),Equity: Focused
DSP Focused Fund Reg Fund (G),Equity: Focused
Canara Robeco Focused Fund Reg (G),Equity: Focused
Franklin India Focused Equity Fund (G),Equity: Focused
Edelweiss Focused Fund Reg (G),Equity: Focused
Mahindra Manulife Focused Fund Reg (G),Equity: Focused
UTI Focused Fund (G),Equity: Focused
HSBC Focused Fund Reg (G),Equity: Focused
Baroda BNP Paribas Focused Fund Reg (G),Equity: Focused
Axis Focused Fund Reg (G),Equity: Focused
Tata Focused Fund Reg (G),Equity: Focused
360 One Focused Fund (G),Equity: Focused
Sundaram Focused Fund Reg (G),Equity: Focused
Mirae Asset Focused Fund Reg (G),Equity: Focused
JM Focused Fund (G),Equity: Focused
Union Focused Fund (G),Equity: Focused
Bandhan Focused Fund Reg (G),Equity: Focused
Motilal Oswal Focused Fund Reg (G),Equity: Focused
LIC MF Focused Fund Reg (G),Equity: Focused
Quant Focused fund (G),Equity: Focused
Invesco India Focused Fund Reg (G),Equity: Focused
Axis Nifty500 Value 50 Index Fund Reg (G),Equity: Value
ICICI Pru Value Fund (G),Equity: Value
DSP Value Fund Reg (G),Equity: Value
HDFC Value Fund (G),Equity: Value
HSBC Value Fund (G),Equity: Value
Groww Value Fund Reg (G),Equity: Value
UTI Value Fund (G),Equity: Value
Sundaram Value Fund Reg (G),Equity: Value
Union Value Fund (G),Equity: Value
Nippon India Value Fund (G),Equity: Value
Templeton India Value Fund (G),Equity: Value
Axis Value Fund Reg (G),Equity: Value
Tata Value Fund Reg (G),Equity: Value
ITI Value Fund Reg (G),Equity: Value
Bandhan Value Fund Reg (G),Equity: Value
Canara Robeco Value Fund Reg (G),Equity: Value
Quantum Value Fund Plan (G),Equity: Value
Aditya Birla SL Value Fund Reg (G),Equity: Value
Baroda BNP Paribas Value Fund Reg (G),Equity: Value
Mahindra Manulife Value Fund Reg (G),Equity: Value
Quant Value Fund Reg (G),Equity: Value
JM Value Fund (G),Equity: Value
LIC MF Value Fund (G),Equity: Value
ICICI Pru Retirement Fund Pure Equity Plan (G),Solution: Retirement Equity
Aditya Birla SL Retirement Fund 30s Plan (G),Solution: Retirement Equity
Union Retirement Fund Reg (G),Solution: Retirement Equity
Baroda BNP Paribas Retirement Fund Reg (G),Solution: Retirement Equity
Aditya Birla SL Retirement Fund 40s Plan (G),Solution: Retirement Equity
SBI Retirement Benefit Fund Aggressive Hybrid Reg (G),Solution: Retirement Equity
HDFC Retirement Savings Fund Equity Plan Reg (G),Solution: Retirement Equity
Axis Retirement Fund Aggressive Plan (G),Solution: Retirement Equity
SBI Retirement Benefit Fund Aggressive Reg (G),Solution: Retirement Equity
Nippon India Retirement Fund Wealth Creation Scheme (G),Solution: Retirement Equity
PGIM India Retirement Fund Reg (G),Solution: Retirement Equity
Tata Retirement Savings Fund Moderate (G),Solution: Retirement Equity
Tata Retirement Savings Fund Progresive (G),Solution: Retirement Equity
HDFC Flexi Cap Fund Reg (G),Equity: Flexi Cap
Kotak Flexi Cap Fund Reg (G),Equity: Flexi Cap
Aditya Birla SL Flexi Cap Fund Reg (G),Equity: Flexi Cap
ICICI Pru Flexicap Fund Reg (G),Equity: Flexi Cap
Mirae Asset Flexi Cap Fund Reg (G),Equity: Flexi Cap
Bandhan Flexi Cap Fund Reg (G),Equity: Flexi Cap
Edelweiss Flexi Cap Fund Reg (G),Equity: Flexi Cap
ICICI Pru Diversified Equity All Cap Omni FOF (G),Equity: Flexi Cap
Canara Robeco Flexi Cap Fund (G),Equity: Flexi Cap
Tata Flexi Cap Fund (G),Equity: Flexi Cap
Sundaram Flexi Cap Fund Reg (G),Equity: Flexi Cap
Quantum Diversified Equity All Cap Active FOF Reg (G),Equity: Flexi Cap
Helios Flexi Cap Fund Reg (G),Equity: Flexi Cap
Bajaj Finserv Flexi Cap Fund Reg (G),Equity: Flexi Cap
WhiteOak Capital Flexi Cap Fund (G),Equity: Flexi Cap
Parag Parikh Flexi Cap Fund Reg (G),Equity: Flexi Cap
Axis Multi Factor Passive FoF Reg (G),Equity: Flexi Cap
Mahindra Manulife Flexi Cap Fund Reg (G),Equity: Flexi Cap
Nippon India Diversified Equity Flexicap Passive FoF Reg (G),Equity: Flexi Cap
PGIM India Flexi Cap Fund (G),Equity: Flexi Cap
ITI Flexi Cap Fund Reg (G),Equity: Flexi Cap
Union Flexi Cap Fund (G),Equity: Flexi Cap
Franklin India Flexi Cap Fund (G),Equity: Flexi Cap
SBI Flexi Cap Fund Reg (G),Equity: Flexi Cap
DSP Flexi Cap Fund Reg (G),Equity: Flexi Cap
Axis Flexi cap Fund (G),Equity: Flexi Cap
NAVI Flexi Cap Fund (G),Equity: Flexi Cap
HSBC Flexi Cap Fund Reg (G),Equity: Flexi Cap
Nippon India Flexi Cap Fund Reg (G),Equity: Flexi Cap
Baroda BNP Paribas Flexi Cap Fund Reg (G),Equity: Flexi Cap
Invesco India Flexi Cap Fund Reg (G),Equity: Flexi Cap
Motilal Oswal Flexi Cap Fund Reg (G),Equity: Flexi Cap
UTI Flexi Cap Fund Reg (G),Equity: Flexi Cap
Bank of India Flexi Cap Fund Reg (G),Equity: Flexi Cap
360 One Flexi Cap Fund Reg (G),Equity: Flexi Cap
LIC Flexi Cap Fund (G),Equity: Flexi Cap
Trust Flexi Cap Fund Reg (G),Equity: Flexi Cap
Groww Nifty 500 Momentum 50 E T F FoF (G),Equity: Flexi Cap
Unifi Flexi Cap Fund (G),Equity: Flexi Cap
Capitalmind Flexi Cap Fund Reg (G),Equity: Flexi Cap
HDFC Diversified Equity All Cap Active FoF Reg (G),Equity: Flexi Cap
The Wealth Company Flexi Cap Fund Reg (G),Equity: Flexi Cap
Angel One Nifty Total Market Momentum Quality 50 Index Fund (G),Equity: Flexi Cap
Abakkus Flexi Cap Fund (G),Equity: Flexi Cap
Shriram Flexi Cap Fund Reg (G),Equity: Flexi Cap
Quant Flexi Cap Fund (G),Equity: Flexi Cap
Taurus Flexi Cap Fund (G),Equity: Flexi Cap
NJ Flexi Cap Fund Reg (G),Equity: Flexi Cap
JM Flexi Cap Fund (G),Equity: Flexi Cap
Samco Flexi Cap Fund Reg (G),Equity: Flexi Cap
Axis US Specific Treasury Dynamic Debt Passive E T F FoF Reg (G),Debt: Medium to Long Duration
Aditya Birla SL US Treasury 3-10 year Bond E T F FoF Reg (G),Debt: Medium to Long Duration
DSP US Specific Debt Passive FoF Reg (G),Debt: Medium to Long Duration
Aditya Birla SL CRISIL IBX Gilt Apr 2029 Index Fund Reg (G),Debt: Medium to Long Duration
Tata Nifty G-Sec Dec 2029 Index Fund Reg (G),Debt: Medium to Long Duration
Aditya Birla SL CRISIL IBX AAA Financial Services Index-Sep 2027 Fund Reg (G),Debt: Medium to Long Duration
Aditya Birla SL CRISIL IBX 50:50 Gilt Plus SDL Apr 2028 Index Fund Reg (G),Debt: Medium to Long Duration
DSP Nifty SDL Plus G-Sec Jun 2028 30:70 Index Fund Reg (G),Debt: Medium to Long Duration
Edelweiss CRISIL IBX 50:50 Gilt Plus SDL Sep 2028 Index Fund Reg (G),Debt: Medium to Long Duration
HSBC CRISIL IBX 50:50 Gilt Plus SDL Apr 2028 Index Fund Reg (G),Debt: Medium to Long Duration
ICICI Pru Nifty SDL Dec 2028 Index Fund Reg (G),Debt: Medium to Long Duration
Axis CRISIL IBX 50:50 Gilt Plus SDL Jun 2028 Index Fund Reg (G),Debt: Medium to Long Duration
Axis CRISIL IBX SDL May 2027 Index Fund Reg (G),Debt: Medium to Long Duration
PGIM India CRISIL IBX Gilt Index Apr 2028 Fund Reg (G),Debt: Medium to Long Duration
Mirae Asset Nifty SDL Jun 2027 Index Fund (G),Debt: Medium to Long Duration
ICICI Pru Nifty SDL Sep 2027 Index Fund (G),Debt: Medium to Long Duration
DSP Nifty SDL Plus G-Sec Sep 2027 50:50 Index Fund Reg (G),Debt: Medium to Long Duration
Aditya Birla SL Nifty SDL Sep 2027 Index Fund Reg (G),Debt: Medium to Long Duration
Axis CRISIL IBX 50:50 Gilt Plus SDL Sep 2027 Index Fund Reg (G),Debt: Medium to Long Duration
Nippon India Nifty G-Sec Sep 2027 Maturity Index Fund Reg (G),Debt: Medium to Long Duration
Edelweiss NIFTY PSU Bond Plus SDL Index Fund 2027 Reg (G),Debt: Medium to Long Duration
Nippon India Nifty AAA CPSE Bond Plus SDL Apr 2027 Maturity 60:40 Index Fund Reg (G),Debt: Medium to Long Duration
Tata Nifty SDL Plus AAA PSU Bond Dec 2027 60:40 Index Fund (G),Debt: Medium to Long Duration
Mirae Asset Nifty SDL Jun 2028 Index Fund Reg (G),Debt: Medium to Long Duration
Axis Nifty SDL Sep 2026 Debt Index Fund Reg (G),Debt: Medium to Long Duration
Aditya Birla SL CRISIL IBX Gilt Apr 2028 Index Fund Reg (G),Debt: Medium to Long Duration
Aditya Birla SL Nifty SDL Apr 2027 Index Fund Reg (G),Debt: Medium to Long Duration
SBI CPSE Bond Plus SDL Sep 2026 50 50 Index Fund Reg (G),Debt: Medium to Long Duration
Edelweiss BHARAT Bond FOF April 2030 (G),Debt: Medium to Long Duration
ICICI Pru Nifty SDL Sep 2026 Index Fund Reg (G),Debt: Medium to Long Duration
ICICI Pru Diversified Debt Strategy Active FOF (G),Debt: Medium to Long Duration
Edelweiss BHARAT Bond FOF April 2031 (G),Debt: Medium to Long Duration
Tata Nifty G-Sec Dec 2026 Index Fund Reg (G),Debt: Medium to Long Duration
Mirae Asset Nifty AAA PSU Bond Plus SDL Apr 2026 5050 Index Fund Reg (G),Debt: Medium to Long Duration
Aditya Birla SL CRISIL IBX Gilt Apr 2033 Index Fund Reg (G),Debt: Medium to Long Duration
Edelweiss BHARAT Bond E T F FOF April 2033 Reg (G),Debt: Medium to Long Duration
Edelweiss BHARAT Bond E T F FOF April 2032 (G),Debt: Medium to Long Duration
Aditya Birla SL CRISIL IBX 60:40 SDL + AAA PSU Apr 2026 Index Fund Reg (G),Debt: Medium to Long Duration
Axis Nifty AAA Bond Plus SDL Apr 2026 50:50 E T F FOF Reg (G),Debt: Medium to Long Duration
DSP CRISIL-IBX 50:50 Gilt Plus SDL April 2033 Index Fund Reg (G),Debt: Medium to Long Duration
Franklin India Medium to Long Duration Fund Reg (G),Debt: Medium to Long Duration
ICICI Pru Bond Fund (G),Debt: Medium to Long Duration
JM Medium to Long Duration Fund Reg (G),Debt: Medium to Long Duration
LIC MF Medium to Long Duration Fund (G),Debt: Medium to Long Duration
SBI M Income Fund Reg (G),Debt: Medium to Long Duration
UTI Medium to Long Duration Fund (G) Reg,Debt: Medium to Long Duration
HDFC Income Fund (G),Debt: Medium to Long Duration
HSBC Medium to Long Duration Fund (G),Debt: Medium to Long Duration
Kotak Bond Regular Plan (G),Debt: Medium to Long Duration
Aditya Birla SL Income Fund Reg (G),Debt: Medium to Long Duration
Nippon India Medium to Long Duration Fund (G),Debt: Medium to Long Duration
Canara Robeco Income Fund Reg (G),Debt: Medium to Long Duration
Bandhan Medium to Long Duration Fund (G),Debt: Medium to Long Duration
ICICI Pru Retirement Fund Hybrid Aggressive Plan (G),Solution: Retirement Hybrid
Bandhan Retirement Fund Reg (G),Solution: Retirement Hybrid
Aditya Birla SL Medium Term Plan Reg (G),Debt: Medium Duration
Nippon India Medium Duration Fund (G),Debt: Medium Duration
ICICI Pru Medium Term Bond (G),Debt: Medium Duration
Nippon India Nifty G-Sec Oct 2028 Maturity Index Fund Reg (G),Debt: Medium Duration
Kotak Medium Term Fund (G),Debt: Medium Duration
Nippon India Nifty SDL Plus G-Sec Jun 2029 Maturity 70:30 Index Fund Reg (G),Debt: Medium Duration
Axis Strategic Bond Fund (G),Debt: Medium Duration
Kotak Nifty SDL Apr 2027 Top 12 Equal Weight Index Fund Reg (G),Debt: Medium Duration
Nippon India Nifty SDL Plus G-Sec Jun 2028 Maturity 70:30 Index Fund Reg (G),Debt: Medium Duration
HDFC NIFTY SDL Plus G-Sec Jun 2027 40:60 Index Fund Reg (G),Debt: Medium Duration
Baroda BNP Paribas Nifty SDL Dec 2028 Index Fund Reg (G),Debt: Medium Duration
Invesco India Nifty G-sec Jul 2027 Index Fund Reg (G),Debt: Medium Duration
SBI CRISIL IBX SDL Index September 2027 Fund Reg (G),Debt: Medium Duration
Bandhan CRISIL IBX 90:10 SDL Plus Gilt-Sep 2027 Index Fund Reg (G),Debt: Medium Duration
ICICI Pru Nifty PSU Bond Plus SDL Sep 2027 40:60 Index Fund (G),Debt: Medium Duration
Aditya Birla SL CRISIL IBX 60:40 SDL + AAA PSU Apr 2027 Index Fund Reg (G),Debt: Medium Duration
Edelweiss CRISIL IBX 5050 Gilt Plus SDL Jun 2027 Index Fund Reg (G),Debt: Medium Duration
HSBC CRISIL IBX Gilt June 2027 Index Fund Reg (G),Debt: Medium Duration
Baroda BNP Paribas Nifty SDL Dec 2026 Index Fund Reg (G),Debt: Medium Duration
Bandhan Crisil IBX 90:10 SDL Plus Gilt- November 2026 Index Fund Reg (G),Debt: Medium Duration
Bandhan CRISIL IBX Gilt June 2027 Index Fund Reg (G),Debt: Medium Duration
Aditya Birla SL CRISIL IBX Gilt June 2027 Index Fund Reg (G),Debt: Medium Duration
Aditya Birla SL Nifty SDL Plus PSU Bond Sep 2026 60:40 Index Fund Reg (G),Debt: Medium Duration
HDFC Nifty SDL Oct 2026 Index Fund Reg (G),Debt: Medium Duration
Nippon India Nifty AAA PSU Bond Plus SDL Sep 2026 Maturity 50:50 Index Fund Reg (G),Debt: Medium Duration
HSBC Medium Duration Fund (G),Debt: Medium Duration
Invesco India Nifty G-sec Sep 2032 Index Fund Reg (G),Debt: Medium Duration
HDFC Medium Term Debt Fund (G),Debt: Medium Duration
Bandhan Crisil IBX Gilt April 2032 Index Fund Reg (G),Debt: Medium Duration
Edelweiss NIFTY PSU Bond Plus SDL Index Fund 2026 Reg (G),Debt: Medium Duration
Kotak Nifty SDL Jul 2026 Index Fund Reg (G),Debt: Medium Duration
DSP Bond Fund Reg (G),Debt: Medium Duration
DSP Bond Fund (G) 54EA Benefits,Debt: Medium Duration
DSP Bond Fund (G) 54EB Benefits,Debt: Medium Duration
SBI Medium Duration Fund Reg (G),Debt: Medium Duration
Tata CRISIL-IBX Gilt Index April 2026 Index Fund Reg (G),Debt: Medium Duration
Aditya Birla SL CRISIL IBX Gilt April 2026 Index Fund Reg (G),Debt: Medium Duration
Bandhan Crisil IBX Gilt April 2026 Index Fund Reg (G),Debt: Medium Duration
Edelweiss CRISIL PSU Plus SDL 50:50 Oct 2025 Index Fund Reg (G),Debt: Medium Duration
Invesco India Medium Duration Fund Reg (G),Debt: Medium Duration
UTI Medium Duration Fund Reg (G),Debt: Medium Duration
Bandhan Medium Duration Fund Reg (G),Debt: Medium Duration
Aditya Birla SL CRISIL IBX SDL Jun 2032 Index Fund Reg (G),Debt: Medium Duration
Kotak Nifty SDL Jul 2033 Index Fund Reg (G),Debt: Medium Duration
Sundaram Medium Duration Fund Reg (G),Debt: Medium Duration
Bandhan CRISIL-IBX 10:90 Gilt + SDL Index Reg (G),Debt: Medium Duration
Kotak Nifty AAA Bond Financial Services Mar 2028 Index Fund (G),Debt: Medium Duration
ICICI Pru Equity & Debt Fund (G),Hybrid: Aggressive
SBI Equity Hybrid Fund Reg (G),Hybrid: Aggressive
Bandhan Aggressive Hybrid Fund Reg (G),Hybrid: Aggressive
Mirae Asset Aggressive Hybrid Fund Reg (G),Hybrid: Aggressive
Aditya Birla SL Dynamic Asset Allocation Omni FOF Reg (G),Hybrid: Aggressive
Mahindra Manulife Aggressive Hybrid Fund (G),Hybrid: Aggressive
Aditya Birla SL Equity Hybrid 95 Fund Reg (G),Hybrid: Aggressive
Nippon India Aggressive Hybrid Fund (G),Hybrid: Aggressive
Bandhan Aggressive Hybrid Passive FOF (G),Hybrid: Aggressive
Canara Robeco Equity Hybrid Fund Reg (G),Hybrid: Aggressive
UTI Aggressive Hybrid Fund (G),Hybrid: Aggressive
Union Aggressive Hybrid Fund Reg (G),Hybrid: Aggressive
Groww Aggressive Hybrid Fund (G),Hybrid: Aggressive
Sundaram Aggressive Hybrid Fund Reg (G),Hybrid: Aggressive
Shriram Aggressive Hybrid Fund Reg (G),Hybrid: Aggressive
Edelweiss Aggressive Hybrid Fund (G),Hybrid: Aggressive
DSP Aggressive Hybrid Fund Reg (G),Hybrid: Aggressive
Union Childrens Fund Reg (G),Hybrid: Aggressive
HDFC Hybrid Equity Fund (G),Hybrid: Aggressive
Axis Aggressive Hybrid Fund (G),Hybrid: Aggressive
HDFC Retirement Savings Fund Hybrid Equity Reg (G),Hybrid: Aggressive
Quant Aggressive Hybrid Fund (G),Hybrid: Aggressive
Tata Aggressive Hybrid Fund Reg (G),Hybrid: Aggressive
LIC MF Aggressive Hybrid Fund (G),Hybrid: Aggressive
Kotak Aggressive Hybrid (G),Hybrid: Aggressive
Franklin India Aggressive Hybrid Fund (G),Hybrid: Aggressive
HSBC Aggressive Hybrid Fund Reg (G),Hybrid: Aggressive
HSBC Aggressive Hybrid Active FOF Reg (G),Hybrid: Aggressive
Baroda BNP Paribas Aggressive Hybrid Fund Reg (G),Hybrid: Aggressive
PGIM India Aggressive Hybrid Equity Fund Reg (G),Hybrid: Aggressive
NAVI Aggressive Hybrid Fund (G),Hybrid: Aggressive
Invesco India Aggressive Hybrid Fund (G),Hybrid: Aggressive
Bank of India Mid & Small Cap Equity & Debt Fund Reg (G),Hybrid: Aggressive
JM Aggressive Hybrid Fund (G),Hybrid: Aggressive
ICICI Pru Balanced Advantage Fund Reg (G),Hybrid: Balanced Advantage
Aditya Birla SL Balanced Advantage Fund (G),Hybrid: Balanced Advantage
Bank of India Balanced Advantage Fund Reg (G),Hybrid: Balanced Advantage
Mirae Asset Balanced Advantage Fund Reg (G),Hybrid: Balanced Advantage
SBI Balanced Advantage Fund Reg (G),Hybrid: Balanced Advantage
Baroda BNP Paribas Balanced Advantage Fund (G),Hybrid: Balanced Advantage
DSP Dynamic Asset Allocation Reg (G),Hybrid: Balanced Advantage
Bajaj Finserv Balanced Advantage Fund Reg (G),Hybrid: Balanced Advantage
UTI Balanced Advantage Fund Reg (G),Hybrid: Balanced Advantage
WhiteOak Capital Balanced Advantage Fund Reg (G),Hybrid: Balanced Advantage
HDFC Balanced Advantage Fund (G),Hybrid: Balanced Advantage
Edelweiss Balanced Advantage Fund (G),Hybrid: Balanced Advantage
Axis Balanced Advantage Fund Reg (G),Hybrid: Balanced Advantage
Nippon India Balanced Advantage Fund (G),Hybrid: Balanced Advantage
Helios Balanced Advantage Fund Reg (G),Hybrid: Balanced Advantage
Bandhan Balanced Advantage Fund Reg (G),Hybrid: Balanced Advantage
Kotak Balanced Advantage Fund Reg (G),Hybrid: Balanced Advantage
Union Balanced Advantage Fund (G),Hybrid: Balanced Advantage
PGIM India Balanced Advantage Fund Reg (G),Hybrid: Balanced Advantage
Sundaram Balanced Advantage Fund Reg (G),Hybrid: Balanced Advantage
Tata Balanced Advantage Fund (G),Hybrid: Balanced Advantage
Mahindra Manulife Balanced Advantage Fund Reg (G),Hybrid: Balanced Advantage
ITI Balanced Advantage Fund (G),Hybrid: Balanced Advantage
Parag Parikh Dynamic Asset Allocation Fund Reg (G),Hybrid: Balanced Advantage
Canara Robeco Balanced Advantage Fund Reg (G),Hybrid: Balanced Advantage
Franklin India Balanced Advantage Fund Reg (G),Hybrid: Balanced Advantage
Invesco India Balanced Advantage Fund (G),Hybrid: Balanced Advantage
HSBC Balanced Advantage Fund (G),Hybrid: Balanced Advantage
Shriram Balanced Advantage Fund (G,Hybrid: Balanced Advantage
LIC MF Balanced Advantage Fund Reg (G),Hybrid: Balanced Advantage
NJ Balanced Advantage Fund Reg (G),Hybrid: Balanced Advantage
Unifi Dynamic Asset Allocation Fund Reg (G),Hybrid: Balanced Advantage
SBI Dynamic Asset Allocation Active FoF Reg (G),Hybrid: Balanced Advantage
Quant Dynamic Asset Allocation Fund Reg (G),Hybrid: Balanced Advantage
Samco Dynamic Asset Allocation Fund Reg (G),Hybrid: Balanced Advantage
Motilal Oswal Balance Advantage Fund Reg (G),Hybrid: Balanced Advantage
ICICI Pru MidCap Fund (G),Equity: Mid Cap
HDFC Mid Cap Fund (G),Equity: Mid Cap
Mirae Asset Mid Cap Fund Reg (G),Equity: Mid Cap
WhiteOak Capital Mid Cap Fund Reg (G),Equity: Mid Cap
Invesco India Mid Cap Fund (G),Equity: Mid Cap
Canara Robeco Mid Cap Fund Reg (G),Equity: Mid Cap
Sundaram Mid Cap Fund Reg (G),Equity: Mid Cap
Union MidCap Fund Reg (G),Equity: Mid Cap
Tata Mid Cap Fund Reg (G),Equity: Mid Cap
Nippon India Growth Mid Cap Fund (G),Equity: Mid Cap
Edelweiss Mid Cap Fund Reg (G),Equity: Mid Cap
HSBC Midcap Fund Reg (G),Equity: Mid Cap
ITI Mid Cap Fund Reg (G),Equity: Mid Cap
Aditya Birla SL Mid Cap Fund Plan Reg (G),Equity: Mid Cap
Baroda BNP Paribas Midcap Fund Reg (G),Equity: Mid Cap
DSP Mid cap Fund Reg (G),Equity: Mid Cap
Kotak Midcap Fund (G),Equity: Mid Cap
Axis Midcap Fund (G),Equity: Mid Cap
Mahindra Manulife Mid Cap Fund Reg (G),Equity: Mid Cap
Franklin India Mid Cap Fund (G),Equity: Mid Cap
PGIM India Midcap Fund Reg (G),Equity: Mid Cap
UTI Mid Cap Fund (G),Equity: Mid Cap
Taurus Mid Cap Fund (G),Equity: Mid Cap
Helios Mid Cap Fund Reg (G),Equity: Mid Cap
Bank of India Mid Cap Fund (G),Equity: Mid Cap
SBI Midcap Fund Reg (G),Equity: Mid Cap
Bandhan Midcap Fund Reg (G),Equity: Mid Cap
JM Midcap Fund Reg (G),Equity: Mid Cap
LIC MF Midcap Fund Reg (G),Equity: Mid Cap
Motilal Oswal Midcap Fund Reg (G),Equity: Mid Cap
Quant MidCap Fund (G),Equity: Mid Cap
Helios Large & Mid Cap Fund Reg (G),Equity: Large & Mid Cap
SBI Large & Midcap Fund Reg (G),Equity: Large & Mid Cap
ICICI Pru Multi Sector Passive FOF (G),Equity: Large & Mid Cap
WhiteOak Capital Large & Mid Cap Fund Reg (G),Equity: Large & Mid Cap
ICICI Pru Large & Mid Cap Fund Reg (G),Equity: Large & Mid Cap
Kotak Large & Midcap Fund (G),Equity: Large & Mid Cap
Mirae Asset Large & Midcap Fund Reg (G),Equity: Large & Mid Cap
Bandhan Large & Mid Cap Fund Reg (G),Equity: Large & Mid Cap
DSP Large & Mid Cap Fund Reg (G),Equity: Large & Mid Cap
Mirae Asset Diversified Equity Allocator Passive FOF Reg (G),Equity: Large & Mid Cap
UTI Large & Mid Cap Fund (G),Equity: Large & Mid Cap
Invesco India Large & Mid Cap Fund (G),Equity: Large & Mid Cap
HDFC Nifty LargeMidcap 250 Index Fund Reg (G),Equity: Large & Mid Cap
Franklin India Large & Mid Cap Fund (G),Equity: Large & Mid Cap
HDFC Large And Mid Cap Fund Reg (G),Equity: Large & Mid Cap
Edelweiss Large & Mid Cap Fund Reg (G),Equity: Large & Mid Cap
Nippon India Vision Large & Mid Cap Fund (G),Equity: Large & Mid Cap
Sundaram Large and Mid Cap Fund (G),Equity: Large & Mid Cap
Aditya Birla SL Large & Mid Cap Fund Reg (G),Equity: Large & Mid Cap
PGIM India Large and Mid Cap Fund Reg (G),Equity: Large & Mid Cap
Bajaj Finserv Large and Mid Cap Fund Reg (G),Equity: Large & Mid Cap
Mahindra Manulife Large & Mid Cap Fund Reg (G),Equity: Large & Mid Cap
Union Large & MidCap Fund (G),Equity: Large & Mid Cap
Axis Large & Mid Cap Fund Reg (G),Equity: Large & Mid Cap
Bank of India Large & Mid Cap Fund Reg (G),Equity: Large & Mid Cap
Baroda BNP Paribas Large and Mid Cap Fund Reg (G),Equity: Large & Mid Cap
HSBC Large & Mid Cap Fund (G),Equity: Large & Mid Cap
Canara Robeco Large and Mid Cap Fund Reg (G),Equity: Large & Mid Cap
NAVI Large & Midcap Fund Reg (G),Equity: Large & Mid Cap
Tata Large & Mid Cap Fund (G),Equity: Large & Mid Cap
ITI Large & Mid Cap Fund Reg (G),Equity: Large & Mid Cap
Groww Nifty 200 E T F FoF (G),Equity: Large & Mid Cap
Samco Large & Mid Cap Fund Reg (G),Equity: Large & Mid Cap
SBI Nifty200 Momentum 30 Index Fund (G),Equity: Large & Mid Cap
JM Large & Mid Cap Fund Reg (G),Equity: Large & Mid Cap
Motilal Oswal Large and Midcap Fund Reg (G),Equity: Large & Mid Cap
LIC Large & Mid Cap Fund Reg (G),Equity: Large & Mid Cap
Quant Large and Mid Cap Fund (G),Equity: Large & Mid Cap
Baroda BNP Paribas Childrens Fund Reg (G),Solution: Children Equity
Aditya Birla SL Bal Bhavishya Yojna Reg (G),Solution: Children Equity
ICICI Pru Childrens Fund Reg,Solution: Children Equity
SBI Childrens Fund Investment Plan Reg (G),Solution: Children Equity
Axis Childrens Fund Reg (G),Solution: Children Equity
Axis Childrens Fund Reg (Lock in) (G),Solution: Children Equity
UTI Childrens Equity Fund (G),Solution: Children Equity
HDFC Childrens Fund Regular Plan,Solution: Children Equity
HDFC Childrens Fund(Lock-in),Solution: Children Equity
Tata Childrens Fund Reg (G),Solution: Children Equity
LIC Childrens Fund (G),Solution: Children Equity
Aditya Birla SL ELSS Tax Saver Fund (ELSS U/S 80C of IT ACT) Reg (G),Equity: ELSS
HDFC ELSS Tax saver Reg (G),Equity: ELSS
360 One ELSS Tax Saver Nifty 50 Index Fund Reg (G),Equity: ELSS
Navi ELSS Tax Saver Nifty 50 Index Fund Reg (G),Equity: ELSS
Mirae Asset ELSS Tax Saver Fund Reg (G),Equity: ELSS
ICICI Pru ELSS Tax Saver Fund Reg (G),Equity: ELSS
DSP ELSS Tax Saver Fund Reg Fund (G),Equity: ELSS
Edelweiss ELSS Tax Saver Fund (G),Equity: ELSS
Sundaram ELSS Tax Saver Fund Reg (G),Equity: ELSS
Baroda BNP Paribas ELSS Tax Saver Fund Reg (G),Equity: ELSS
Nippon India ELSS Tax Saver Fund (G),Equity: ELSS
Mahindra Manulife ELSS Tax Saver Fund Reg (G),Equity: ELSS
Bandhan ELSS Tax saver Fund Reg (G),Equity: ELSS
UTI ELSS Tax Saver Fund (G),Equity: ELSS
Union ELSS Tax Saver Fund (G),Equity: ELSS
SBI ELSS Tax Saver Fund Reg (G),Equity: ELSS
Canara Robeco ELSS Tax Saver Fund Reg (G),Equity: ELSS
Axis ELSS Tax Saver Fund (G),Equity: ELSS
Tata ELSS Fund Reg (G),Equity: ELSS
WhiteOak Capital ELSS Tax Saver Fund Reg (G),Equity: ELSS
Parag Parikh ELSS Tax Saver Fund (G),Equity: ELSS
Kotak ELSS Tax Saver Fund (G),Equity: ELSS
Franklin India ELSS Tax Saver Fund (G),Equity: ELSS
Quantum ELSS Tax Saver Fund Reg (G),Equity: ELSS
ITI ELSS Tax Saver Fund Reg (G),Equity: ELSS
HSBC ELSS Tax Saver Fund (G),Equity: ELSS
Navi ELSS Tax Saver Fund Reg (G),Equity: ELSS
Quant ELSS Tax Saver Fund (G),Equity: ELSS
HSBC Tax Saver Equity Fund (G),Equity: ELSS
JM ELSS Tax Saver Fund (G),Equity: ELSS
Groww ELSS Tax Saver Fund Reg (G),Equity: ELSS
PGIM India ELSS Tax Saver Fund Regular (G),Equity: ELSS
Shriram ELSS Tax Saver Fund (G),Equity: ELSS
LIC MF ELSS Tax Saver (G),Equity: ELSS
Bajaj Finserv ELSS Tax Saver Fund Reg (G),Equity: ELSS
Bank of India ELSS Tax Saver Fund Reg (G),Equity: ELSS
Taurus ELSS Tax Saver Fund (G),Equity: ELSS
Invesco India ELSS Tax Saver Fund (G),Equity: ELSS
Motilal Oswal ELSS Tax Saver Fund Reg(G),Equity: ELSS
NJ ELSS Tax Saver Scheme Reg (G),Equity: ELSS
Samco ELSS Tax Saver Fund Reg (G),Equity: ELSS
WhiteOak Capital Large Cap Fund Reg (G),Equity: Large Cap
Bandhan Large Cap Fund Reg (G),Equity: Large Cap
ICICI Pru Large Cap Fund Reg (G),Equity: Large Cap
Franklin India Large Cap Fund (G),Equity: Large Cap
Groww Large Cap Fund (G),Equity: Large Cap
Quantum Nifty 50 E T F Fund of Fund Reg (G),Equity: Large Cap
Bajaj Finserv Large Cap Fund Reg (G),Equity: Large Cap
Aditya Birla SL Large Cap Fund Reg (G),Equity: Large Cap
Kotak Large Cap Fund (G),Equity: Large Cap
SBI Large Cap Fund Reg (G),Equity: Large Cap
Mirae Asset Large Cap Fund Reg (G),Equity: Large Cap
Bank of India Large Cap Fund Reg (G),Equity: Large Cap
Mahindra Manulife Large Cap Fund (G),Equity: Large Cap
Nippon India Large Cap Fund (G),Equity: Large Cap
Tata Large Cap Fund Reg (G),Equity: Large Cap
HDFC Large Cap Fund (G),Equity: Large Cap
Canara Robeco Large Cap Fund (G),Equity: Large Cap
HSBC Large Cap Fund (G),Equity: Large Cap
DSP Large Cap Fund Reg (G),Equity: Large Cap
Motilal Oswal Large Cap Fund Reg (G),Equity: Large Cap
Axis Large Cap Fund (G),Equity: Large Cap
PGIM India Large Cap Fund Reg (G),Equity: Large Cap
Invesco India Largecap Fund (G),Equity: Large Cap
Edelweiss Large Cap Fund (G),Equity: Large Cap
UTI Large Cap Fund Reg (G),Equity: Large Cap
Sundaram Large Cap Fund Reg (G),Equity: Large Cap
Union Largecap Fund Reg (G),Equity: Large Cap
Taurus Large Cap Fund (G),Equity: Large Cap
JM Large Cap Fund (G),Equity: Large Cap
Baroda BNP Paribas Large Cap Fund Reg (G),Equity: Large Cap
ITI Large Cap Fund Reg (G),Equity: Large Cap
LIC Large Cap Fund (G),Equity: Large Cap
Mirae Asset Nifty 200 Alpha 30 E T F FoF Reg Growth,Equity: Large Cap
Baroda BNP Paribas Nifty200 Momentum 30 Index Fund Reg (G),Equity: Large Cap
Quant Large Cap Fund Reg (G),Equity: Large Cap
Samco Large Cap Fund (G),Equity: Large Cap
Nippon India BSE Sensex Next 30 Index Fund (G),Equity: Large Cap
SBI Nifty100 Low Volatility 30 Index Fund (G),Equity: Large Cap
Aditya Birla SL US Treasury 1-3 year Bond E T F FoF Reg (G),Debt: Short Duration
HDFC Nifty G-Sec Apr 2029 Index Fund Reg (G),Debt: Short Duration
Edelweiss CRISIL IBX AAA Financial Services Jan 2028 Index Fund Reg (G),Debt: Short Duration
Axis CRISIL-IBX AAA Bond NBFC-HFC Jun 2027 Index Fund Reg (G),Debt: Short Duration
Kotak CRISIL IBX AAA Financial Services Index Sep 2027 Fund Reg (G),Debt: Short Duration
Axis CRISIL-IBX AAA Bond NBFC Jun 2027 Index Fund Reg (G),Debt: Short Duration
Aditya Birla SL CRISIL IBX AAA NBFC HFC Index-Sep 2026 Fund Reg (G),Debt: Short Duration
ICICI Pru Short Term Fund (G),Debt: Short Duration
HDFC Nifty G-Sec Jun 2027 Index Reg (G),Debt: Short Duration
Axis Short Duration Fund (G),Debt: Short Duration
Nippon India Short Duration Fund (G),Debt: Short Duration
HDFC Short Term Debt Fund (G),Debt: Short Duration
SBI Short Term Debt Fund Reg (G),Debt: Short Duration
HDFC Nifty G-Sec Sep 2032 Index Reg (G),Debt: Short Duration
Aditya Birla SL Short Term Fund Reg (G),Debt: Short Duration
HSBC Short Duration Fund Reg (G),Debt: Short Duration
HDFC Nifty G-sec Dec 2026 Index Reg (G),Debt: Short Duration
Bandhan Short Duration Fund Reg (G),Debt: Short Duration
Edelweiss CRISIL IBX 50:50 Gilt Plus SDL Short Duration Index Fund Reg (G),Debt: Short Duration
Trust Short Duration Fund Reg (G),Debt: Short Duration
Axis CRISIL IBX 70:30 CPSE Plus SDL April 2025 Index Fund Reg (G),Debt: Short Duration
Invesco India Short Duration Fund (G),Debt: Short Duration
Aditya Birla SL CRISIL IBX Financial Services 3 to 6 Months Debt Index Fund Reg (G),Debt: Short Duration
Sundaram Short Duration Fund Reg (G),Debt: Short Duration
Baroda BNP Paribas Short Duration Fund (G),Debt: Short Duration
UTI Short Duration Fund Inst Reg (G),Debt: Short Duration
Groww Short Duration Fund Reg (G),Debt: Short Duration
Mirae Asset Short Duration Fund Reg (G),Debt: Short Duration
HDFC Nifty G-Sec Jun 2036 Index Fund Reg (G),Debt: Short Duration
Aditya Birla SL CRISIL IBX 60:40 SDL + AAA PSU Apr 2025 Index Fund (G),Debt: Short Duration
Kotak Bond STP (G),Debt: Short Duration
DSP Short Term Fund Reg (G),Debt: Short Duration
JM Short Duration Fund Reg (G),Debt: Short Duration
Mahindra Manulife Short Duration Fund Reg (G),Debt: Short Duration
Bank of India ST Income Reg (G),Debt: Short Duration
LIC MF Short Duration Fund Reg (G),Debt: Short Duration
Union Short Duration Fund Reg (G),Debt: Short Duration
Canara Robeco Short Duration Fund Reg (G),Debt: Short Duration
Tata Short Term Bond Fund Reg (G),Debt: Short Duration
Aditya Birla SL Nifty SDL Sep 2025 Index Fund Reg (G),Debt: Short Duration
ICICI Pru CRISIL-IBX AAA Bond Financial Services Index Dec 2026 Fund Reg (G),Debt: Short Duration
Kotak CRISIL-IBX AAA Bond Financial Services Index Dec 2026 Fund (G),Debt: Short Duration
Edelweiss CRISIL IBX AAA Bond NBFC HFC Jun 2027 Index Fund Reg (G),Debt: Short Duration
Aditya Birla SL Crisil-IBX Financial Services 9-12 Months Debt Index Fund (G),Debt: Short Duration
ICICI Pru Dividend Yield Equity Fund Reg (G),Equity: Dividend Yield
Tata Dividend Yield Fund Reg (G),Equity: Dividend Yield
UTI Dividend Yield Plan (G),Equity: Dividend Yield
SBI Dividend Yield Fund Reg (G),Equity: Dividend Yield
Aditya Birla SL Dividend Yield Fund Reg (G),Equity: Dividend Yield
SUNDARAM DIVIDEND YIELD FUND REG (G),Equity: Dividend Yield
HDFC Dividend Yield Fund Reg (G),Equity: Dividend Yield
Franklin India Dividend Yield Fund (G),Equity: Dividend Yield
LIC MF Dividend Yield Fund (G),Equity: Dividend Yield
ICICI Pru Retirement Fund Hybrid Conservative Plan (G),Solution: Retirement Debt
Aditya Birla SL Retirement Fund 50s Plan (G),Solution: Retirement Debt
UTI Retirement Fund Reg (G),Solution: Retirement Debt
ICICI Pru Retirement Fund Pure Debt Plan (G),Solution: Retirement Debt
HDFC Retirement Savings Fund Hybrid Debt Reg (G),Solution: Retirement Debt
Franklin India Retirement Fund (G),Solution: Retirement Debt
Aditya Birla SL Retirement Fund 50s Plus Debt Plan (G),Solution: Retirement Debt
Axis Retirement Fund Conservative Plan (G),Solution: Retirement Debt
SBI Retirement Benefit Fund Conservative Reg (G),Solution: Retirement Debt
SBI Retirement Benefit Fund Conservative Hybrid Reg (G),Solution: Retirement Debt
Tata Retirement Savings Fund Conservative (G),Solution: Retirement Debt
Nippon India Retirement Fund Income Generation Scheme (G),Solution: Retirement Debt
Bandhan US Treasury Bond 0-1 year specific Debt Passive FOF Reg (G),Debt: Money Market
UTI Money Market Fund Reg (G),Debt: Money Market
Franklin India Money Market Fund Reg (G),Debt: Money Market
ICICI Pru Money Market Fund Reg (G),Debt: Money Market
Axis Money Market Fund (G),Debt: Money Market
Nippon India Money Market Fund (G),Debt: Money Market
Kotak Money Market Fund Reg (G),Debt: Money Market
Tata Money Market Fund (G),Debt: Money Market
HDFC Money Market Fund (G),Debt: Money Market
Bandhan Money Market Fund Reg (G),Debt: Money Market
Sundaram Money Market Fund (G),Debt: Money Market
Aditya Birla SL Money Manager Fund Reg (G),Debt: Money Market
Baroda BNP Paribas Money Market Fund (G),Debt: Money Market
HSBC Money Market Fund (G),Debt: Money Market
Invesco India Money Market Fund (G),Debt: Money Market
Mirae Asset Money Market Fund (G),Debt: Money Market
PGIM India Money Market Fund (G),Debt: Money Market
SBI Savings Fund Reg (G),Debt: Money Market
DSP Savings Fund Reg (G),Debt: Money Market
Trust Money Market Fund Reg (G),Debt: Money Market
Bajaj Finserv Money Market Fund Reg (G),Debt: Money Market
LIC Money Market Fund Reg (G),Debt: Money Market
Edelweiss Money Market Fund Reg (G),Debt: Money Market
Union Money Market Fund (G),Debt: Money Market
Bank of India Money Market Fund (G),Debt: Money Market
Groww Money Market Fund Reg (G),Debt: Money Market
Nippon India Conservative Hybrid Fund (G),Hybrid: Conservative
Bandhan Conservative Hybrid Passive FOF (G),Hybrid: Conservative
Aditya Birla SL Regular Savings Fund Reg (G),Hybrid: Conservative
ICICI Pru Regular Savings Fund (G),Hybrid: Conservative
Aditya Birla SL Conservative Hybrid Active FOF Reg (G),Hybrid: Conservative
DSP Regular Savings Fund Reg (G),Hybrid: Conservative
Parag Parikh Conservative Hybrid Fund Reg (G),Hybrid: Conservative
SBI Conservative Hybrid Fund Reg (G),Hybrid: Conservative
Axis Conservative Hybrid Fund (G),Hybrid: Conservative
Bandhan Conservative Hybrid Fund (G),Hybrid: Conservative
Franklin India Conservative Hybrid Fund (G),Hybrid: Conservative
UTI Conservative Hybrid Fund (G),Hybrid: Conservative
Baroda BNP Paribas Conservative Hybrid Reg (G),Hybrid: Conservative
HDFC Hybrid Debt Fund (G),Hybrid: Conservative
LIC MF Conservative Hybrid Fund (G),Hybrid: Conservative
Kotak Debt Hybrid (G),Hybrid: Conservative
Canara Robeco Conservative Hybrid Fund Reg (G),Hybrid: Conservative
Bank of India Conservative Hybrid Fund Reg (G),Hybrid: Conservative
Sundaram Conservative Hybrid Fund Reg (G),Hybrid: Conservative
HSBC Conservative Hybrid Fund (G),Hybrid: Conservative
Kotak Contra Fund (G),Equity: Contra
SBI Contra Fund Reg (G),Equity: Contra
Invesco India Contra Fund (G),Equity: Contra
Mirae Asset Small Cap Fund Reg (G),Equity: Small Cap
Quantum Small Cap Fund Reg (G),Equity: Small Cap
Sundaram Small Cap Fund Reg (G),Equity: Small Cap
Trust Small Cap Fund Reg (G),Equity: Small Cap
Bandhan Small Cap Fund Reg (G),Equity: Small Cap
Bajaj Finserv Small Cap Fund (G),Equity: Small Cap
Helios Small Cap Fund (G),Equity: Small Cap
Samco Small Cap Fund Reg (G),Equity: Small Cap
PGIM India Small Cap Fund Reg (G),Equity: Small Cap
HDFC Small Cap Fund (G),Equity: Small Cap
Invesco India Smallcap Fund Reg (G),Equity: Small Cap
Axis Small Cap Fund Reg (G),Equity: Small Cap
Edelweiss Small Cap Fund (G),Equity: Small Cap
ICICI Pru Smallcap Fund Reg (G),Equity: Small Cap
DSP Small cap Fund Reg (G),Equity: Small Cap
Canara Robeco Small Cap Fund Reg (G),Equity: Small Cap
Mahindra Manulife Small Cap Fund Reg (G),Equity: Small Cap
Aditya Birla SL Small Cap Fund Reg (G),Equity: Small Cap
Union Small Cap Fund Reg (G),Equity: Small Cap
Baroda BNP Paribas Small Cap Fund Reg (G),Equity: Small Cap
ITI Small Cap Fund Reg (G),Equity: Small Cap
SBI Small Cap Fund Reg (G),Equity: Small Cap
Nippon India Small Cap Fund (G),Equity: Small Cap
UTI Small Cap Fund Reg (G),Equity: Small Cap
Quant Small Cap Fund (G),Equity: Small Cap
ICICI Pru Nifty Smallcap 250 Index Fund Reg (G),Equity: Small Cap
Motilal Oswal Small Cap Fund Reg (G),Equity: Small Cap
Franklin India Small Cap Fund (G),Equity: Small Cap
JM Small Cap Fund Reg (G),Equity: Small Cap
Bank of India Smallcap Fund Reg (G),Equity: Small Cap
Kotak Smallcap Fund (G),Equity: Small Cap
HSBC Small Cap Fund Reg (G),Equity: Small Cap
Tata Smallcap Fund Reg (G),Equity: Small Cap
LIC MF Smallcap Fund Reg (G),Equity: Small Cap
Mirae Asset Equity Savings Fund Reg (G),Hybrid: Equity Savings
Aditya Birla SL Equity Savings Fund Reg (G),Hybrid: Equity Savings
UTI Equity Savings Fund Reg (G),Hybrid: Equity Savings
Edelweiss Equity Savings Fund Reg (G),Hybrid: Equity Savings
Kotak Equity Savings Fund Reg (G),Hybrid: Equity Savings
ICICI Pru Equity Savings Fund (G),Hybrid: Equity Savings
Baroda BNP Paribas Equity Savings Fund Reg (G),Hybrid: Equity Savings
HDFC Equity Savings Fund (G),Hybrid: Equity Savings
Mahindra Manulife Equity Savings Fund Reg (G),Hybrid: Equity Savings
Tata Equity Savings Fund Reg (G),Hybrid: Equity Savings
Nippon India Equity Savings Fund Reg (G),Hybrid: Equity Savings
Sundaram Equity Savings Fund Reg (G),Hybrid: Equity Savings
Franklin India Equity Savings Fund Reg (G),Hybrid: Equity Savings
SBI Equity Savings Fund Reg (G),Hybrid: Equity Savings
PGIM India Equity Savings Fund Reg (G),Hybrid: Equity Savings
DSP Equity Saving Fund Reg (G),Hybrid: Equity Savings
Bandhan Equity Savings Funds Reg (G),Hybrid: Equity Savings
Axis Equity Savings Fund Reg (G),Hybrid: Equity Savings
Union Equity Savings Fund Reg (G),Hybrid: Equity Savings
HSBC Equity Savings Fund (G),Hybrid: Equity Savings
LIC MF Equity Savings Fund (G),Hybrid: Equity Savings
Invesco India Equity Savings Fund (G),Hybrid: Equity Savings
WhiteOak Capital Equity Savings Fund Reg (G),Hybrid: Equity Savings
Quant Equity Savings Fund (G),Hybrid: Equity Savings
Bajaj Finserv Equity Savings Fund (G),Hybrid: Equity Savings
Franklin India Corporate Debt Fund (G),Debt: Corporate Bond
Baroda BNP Paribas Corporate Bond Fund Reg (G),Debt: Corporate Bond
Baroda BNP Paribas Corporate Bond Fund (G),Debt: Corporate Bond
ICICI Pru Corporate Bond Fund (G),Debt: Corporate Bond
DSP Corporate Bond Fund (G),Debt: Corporate Bond
HSBC Corporate Bond Fund (G) Plan,Debt: Corporate Bond
HSBC Corporate Bond Fund 54EA Reg Cum,Debt: Corporate Bond
Axis Corporate Bond Fund (G),Debt: Corporate Bond
Kotak Corporate Bond Fund (G),Debt: Corporate Bond
Nippon India Corporate Bond Fund (G),Debt: Corporate Bond
SBI Corporate Bond Fund (G),Debt: Corporate Bond
UTI Corporate Bond Fund (G),Debt: Corporate Bond
Sundaram Corporate Bond Fund Reg (G),Debt: Corporate Bond
Invesco India Corporate Bond Fund Reg (G),Debt: Corporate Bond
Union Corporate Bond Fund (G),Debt: Corporate Bond
Bandhan Corporate Bond Fund Reg (G),Debt: Corporate Bond
Mirae Asset Corporate Bond Fund Reg (G),Debt: Corporate Bond
PGIM India Corporate Bond Fund Reg (G),Debt: Corporate Bond
Aditya Birla SL Corporate Bond Fund (G),Debt: Corporate Bond
HDFC Corporate Bond Fund (G),Debt: Corporate Bond
Tata Corporate Bond Fund Reg (G),Debt: Corporate Bond
TRUSTMF Corporate Bond Fund Reg (G),Debt: Corporate Bond
Canara Robeco Corporate Bond Fund Reg (G),Debt: Corporate Bond
HSBC Dynamic Bond Fund Reg (G),Debt: Corporate Bond
SBI CRISIL IBX Gilt Index April 2029 Fund Reg (G),Debt: Long Duration
Axis CRISIL-IBX AAA Bond Financial Services Sep 2027 Index Fund Reg (G),Debt: Long Duration
Kotak Nifty SDL Plus AAA PSU Bond Jul 2028 60:40 Index Fund Reg (G),Debt: Long Duration
UTI CRISIL SDL Maturity June 2027 Index Fund Reg (G),Debt: Long Duration
UTI Nifty SDL Plus AAA PSU Bond Apr 2028 75:25 Index Fund Reg (G),Debt: Long Duration
ICICI Pru Nifty G-Sec Dec 2030 Index Fund Reg (G),Debt: Long Duration
HDFC Nifty G-Sec July 2031 Index Reg (G),Debt: Long Duration
Kotak Nifty AAA Bond Jun 2025 HTM Index Fund Reg (G),Debt: Long Duration
Mirae Asset CRISIL IBX Gilt Index April 2033 Index Fund Reg (G),Debt: Long Duration
Kotak Nifty G-Sec July 2033 Index Fund Reg (G),Debt: Long Duration
UTI Nifty SDL Plus AAA PSU Bond Apr 2026 75:25 Index Fund Reg (G),Debt: Long Duration
Nippon India Nifty G-Sec Jun 2036 Maturity Index Fund Reg (G),Debt: Long Duration
SBI CRISIL IBX Gilt Index June 2036 Fund Reg (G),Debt: Long Duration
Bandhan Crisil IBX 90:10 SDL Plus Gilt- April 2032 Index Fund Reg (G),Debt: Long Duration
Kotak Nifty SDL Apr 2032 Top 12 Equal Weight Index Fund Reg (G),Debt: Long Duration
UTI CRISIL SDL Maturity April 2033 Index Fund Reg (G),Debt: Long Duration
Edelweiss CRISIL IBX 50:50 Gilt Plus SDL April 2037 Index Fund Reg (G),Debt: Long Duration
Axis CRISIL IBX SDL June 2034 Debt Index Fund Reg (G),Debt: Long Duration
Franklin India Long Duration Fund Reg (G),Debt: Long Duration
ICICI Pru Long Term Bond Fund (G),Debt: Long Duration
Aditya Birla SL Long Duration Fund Reg (G),Debt: Long Duration
Nippon India Nivesh Lakshya Long Duration Fund (G),Debt: Long Duration
SBI Long Duration Fund Reg (G),Debt: Long Duration
Bandhan Long Duration Fund Reg (G),Debt: Long Duration
Mirae Asset Long Duration Fund Reg (G),Debt: Long Duration
HDFC Long Duration Debt Fund Reg (G),Debt: Long Duration
Axis Long Duration Fund Reg (G),Debt: Long Duration
Kotak Long Duration Fund Reg (G),Debt: Long Duration
UTI Long Duration Fund Reg (G),Debt: Long Duration
Groww Multi Cap Fund Reg (G),Equity: Multi Cap
Mirae Asset Multicap Fund Reg (G),Equity: Multi Cap
WhiteOak Capital Multi Cap Fund Reg (G),Equity: Multi Cap
Kotak Multicap Fund (G),Equity: Multi Cap
Franklin India Multi Cap Fund Reg (G),Equity: Multi Cap
Canara Robeco Multi Cap Fund Reg (G),Equity: Multi Cap
Bank of India Multi Cap Fund Reg (G),Equity: Multi Cap
Mahindra Manulife Multi Cap Fund Reg (G),Equity: Multi Cap
Union Multicap Fund Reg (G),Equity: Multi Cap
Tata Multicap Fund Reg (G),Equity: Multi Cap
Aditya Birla SL Multi Cap Fund Reg (G),Equity: Multi Cap
Sundaram Multi Cap Fund Reg (G),Equity: Multi Cap
Edelweiss Multi Cap Fund Reg (G),Equity: Multi Cap
Bandhan Multi Cap Fund Reg (G),Equity: Multi Cap
PGIM India Multi Cap Fund Reg (G),Equity: Multi Cap
Nippon India Multi Cap Fund (G),Equity: Multi Cap
Navi Nifty 500 Multicap 50:25:25 Index Fund Reg (G),Equity: Multi Cap
HSBC Multi Cap Fund Reg (G),Equity: Multi Cap
ITI Multi Cap Fund (G),Equity: Multi Cap
ICICI Pru Multicap Fund Reg (G),Equity: Multi Cap
HDFC Multi Cap Fund Reg (G),Equity: Multi Cap
Axis Multi Cap Fund Reg (G),Equity: Multi Cap
SBI Multicap Fund Reg (G),Equity: Multi Cap
Motilal Oswal Multi Cap Fund Reg (G),Equity: Multi Cap
Bajaj Finserv Multi Cap Fund (G),Equity: Multi Cap
UTI Multi Cap Fund Reg (G),Equity: Multi Cap
Trust Multi Cap Fund Reg (G),Equity: Multi Cap
DSP Multicap Fund Reg (G),Equity: Multi Cap
LIC MF Multi Cap Fund Reg (G),Equity: Multi Cap
Baroda BNP Paribas Multi Cap Fund (G),Equity: Multi Cap
Invesco India Multicap Fund (G),Equity: Multi Cap
Edelweiss Recently Listed IPO Fund Reg (G),Equity: Multi Cap
Quant Multi Cap Fund (G),Equity: Multi Cap
Samco Multi Cap Fund Reg (G),Equity: Multi Cap
HSBC Low Duration Fund Reg (G),Debt: Low Duration
Nippon India CRISIL IBX AAA Financial Services Jan 2028 Index Fund Reg (G),Debt: Low Duration
Nippon India CRISIL IBX AAA Financial Services Dec 2026 Index Fund Reg (G),Debt: Low Duration
ICICI Pru Savings Fund (G),Debt: Low Duration
UTI Low Duration Fund (G),Debt: Low Duration
Axis Treasury Advantage Fund (G),Debt: Low Duration
Invesco India Low Duration Fund (G),Debt: Low Duration
Canara Robeco Savings Fund Reg (G),Debt: Low Duration
Nippon India Low Duration Fund (G),Debt: Low Duration
Bandhan Low Duration Fund Reg (G),Debt: Low Duration
HDFC Low Duration Fund (G),Debt: Low Duration
JM Low Duration Fund (G),Debt: Low Duration
Tata Treasury Advantage Fund Reg (G),Debt: Low Duration
SBI Low Duration Fund Reg (G),Debt: Low Duration
DSP Low Duration Fund Reg (G),Debt: Low Duration
Mirae Asset Low Duration Fund Reg (G),Debt: Low Duration
Kotak Low Duration Fund Std (G),Debt: Low Duration
Aditya Birla SL Low Duration Fund (G),Debt: Low Duration
Baroda BNP Paribas Low Duration Fund Reg (G),Debt: Low Duration
Baroda BNP Paribas Low Duration Fund (G),Debt: Low Duration
Mahindra Manulife Low Duration Fund Reg (G),Debt: Low Duration
LIC MF Low Duration Fund (G),Debt: Low Duration
Sundaram Low Duration Fund Reg (G),Debt: Low Duration
Franklin India Low Duration Fund Reg (G),Debt: Low Duration
Edelweiss Low Duration Fund Reg (G),Debt: Low Duration
Mirae Asset CRISIL IBX Financial Services 9-12 Momths Debt Index Fund Reg (G),Debt: Low Duration
Union Low Duration Fund Reg (G),Debt: Low Duration
Kotak CRISIL-IBX Financial Services 9 to 12 Months Debt Index Fund (G),Debt: Low Duration
360 One Dynamic Bond Fund Reg (G),Debt: Dynamic Bond
Mirae Asset Dynamic Bond Fund Reg (G),Debt: Dynamic Bond
ICICI Pru All Seasons Bond Fund (G),Debt: Dynamic Bond
Nippon India Dynamic Bond Fund (G),Debt: Dynamic Bond
Axis Dynamic Bond Fund (G),Debt: Dynamic Bond
Aditya Birla SL Dynamic Bond Fund Reg (G),Debt: Dynamic Bond
JM Dynamic Bond Fund (G),Debt: Dynamic Bond
UTI Dynamic Bond Fund (G),Debt: Dynamic Bond
Quantum Dynamic Bond Fund Reg Plan (G),Debt: Dynamic Bond
Mahindra Manulife Dynamic Bond Fund Reg (G),Debt: Dynamic Bond
SBI Dynamic Bond Fund Reg (G),Debt: Dynamic Bond
Kotak Dynamic Bond Fund Reg (G),Debt: Dynamic Bond
PGIM India Dynamic Bond Fund (G),Debt: Dynamic Bond
HDFC Dynamic Debt Fund (G),Debt: Dynamic Bond
HDFC Dynamic Debt Fund (G) 54EA,Debt: Dynamic Bond
HDFC Dynamic Debt Fund (G) 54EB,Debt: Dynamic Bond
ITI Dynamic Bond Fund Reg (G),Debt: Dynamic Bond
Baroda BNP Paribas Dynamic Bond Fund Reg (G),Debt: Dynamic Bond
Baroda BNP Paribas Dynamic Bond Fund Plan A Reg (G),Debt: Dynamic Bond
DSP Strategic Bond Fund (G),Debt: Dynamic Bond
Bandhan Dynamic Bond Fund Reg (G),Debt: Dynamic Bond
Union Dynamic Bond Fund (G),Debt: Dynamic Bond
Canara Robeco Dynamic Bond Fund Reg (G),Debt: Dynamic Bond
Baroda BNP Paribas Banking and PSU Bond Fund Reg (G),Debt: Banking and PSU
Franklin India Banking & PSU Debt Fund (G),Debt: Banking and PSU
UTI Banking & PSU Fund Reg (G),Debt: Banking and PSU
ICICI Pru Banking and PSU Debt Fund Reg (G),Debt: Banking and PSU
Kotak Banking & PSU Debt Fund (G),Debt: Banking and PSU
HSBC Banking and PSU Debt Fund (G),Debt: Banking and PSU
Sundaram Banking & PSU Fund Reg (G),Debt: Banking and PSU
Axis Banking & PSU Debt (G),Debt: Banking and PSU
SBI Banking and PSU Fund Reg (G),Debt: Banking and PSU
HDFC Banking and PSU Debt Fund Reg (G),Debt: Banking and PSU
LIC MF Banking & PSU Fund (G),Debt: Banking and PSU
Invesco India Banking & PSU Fund (G),Debt: Banking and PSU
Trust Banking & PSU Fund Reg (G),Debt: Banking and PSU
Bajaj Finserv Banking and PSU Fund Reg (G),Debt: Banking and PSU
Aditya Birla SL Banking & PSU Debt Fund Reg (G),Debt: Banking and PSU
Edelweiss Banking and PSU Debt Fund Reg (G),Debt: Banking and PSU
Nippon India Banking & PSU Fund (G),Debt: Banking and PSU
Bandhan Banking & PSU Fund Reg (G),Debt: Banking and PSU
ITI Banking and PSU Fund Reg (G),Debt: Banking and PSU
Mirae Asset Banking And PSU Fund Reg (G),Debt: Banking and PSU
Canara Robeco Banking and PSU Debt Fund Reg (G),Debt: Banking and PSU
DSP Banking & PSU Debt Fund Reg (G),Debt: Banking and PSU
Kotak Floating Rate Fund (G),Debt: Floater
Franklin India Floating Rate Fund (G),Debt: Floater
Nippon India Floater Fund (G),Debt: Floater
ICICI Pru Floating Interest Fund (G),Debt: Floater
HDFC Floating Rate Debt Fund Reg (G),Debt: Floater
Aditya Birla SL Floating Rate Fund Reg (G),Debt: Floater
Tata Floating Rate Fund Reg (G),Debt: Floater
Axis Floater Fund Reg (G),Debt: Floater
DSP Floater Fund Reg (G),Debt: Floater
Bandhan Floater Fund Reg (G),Debt: Floater
UTI Floater Fund (G),Debt: Floater
SBI Floating Rate Debt Fund Reg (G),Debt: Floater
WhiteOak Capital Balanced Hybrid Fund Reg (G),Hybrid: Balanced Hybrid
360 ONE Balanced Hybrid Fund Reg (G),Hybrid: Balanced Hybrid
Bandhan CRISIL IBX Gilt April 2028 Index Fund Reg (G),Debt: Gilt Fund
Motilal Oswal 5 Year G Sec FOF Reg (G),Debt: Gilt Fund
ICICI Pru Gilt Fund (G),Debt: Gilt Fund
Franklin India Government Securities Fund (G),Debt: Gilt Fund
UTI Gilt Fund (G),Debt: Gilt Fund
Axis Gilt Fund (G),Debt: Gilt Fund
HDFC Gilt Fund (G),Debt: Gilt Fund
SBI Magnum Gilt Fund Reg (G),Debt: Gilt Fund
Bandhan Gilt Fund Reg (G),Debt: Gilt Fund
Tata Gilt Securities Fund (G),Debt: Gilt Fund
DSP Gilt Fund Reg (G),Debt: Gilt Fund
Quant Gilt Fund Reg (G),Debt: Gilt Fund
Invesco India Gilt Fund Reg (G),Debt: Gilt Fund
PGIM India Gilt Fund Reg (G),Debt: Gilt Fund
Edelweiss Government Securities Fund Reg (G),Debt: Gilt Fund
Nippon India Gilt Fund Ins (G) (Susp),Debt: Gilt Fund
Nippon India Gilt Fund (G),Debt: Gilt Fund
Canara Robeco Gilt Fund Reg (G),Debt: Gilt Fund
Bajaj Finserv GILT Fund Reg (G),Debt: Gilt Fund
HSBC Gilt Fund (G),Debt: Gilt Fund
Aditya Birla SL Government Securities Fund (G),Debt: Gilt Fund
Aditya Birla SL Government Securities Fund (G)Instant Gain,Debt: Gilt Fund
Union Gilt Fund Reg (G),Debt: Gilt Fund
Kotak Gilt Investement (G),Debt: Gilt Fund
Kotak Gilt Investment P F and Trust (G),Debt: Gilt Fund
Groww Gilt Fund (G),Debt: Gilt Fund
Aditya Birla SL Savings Fund Reg (G),Debt: Ultra Short Duration
Mirae Asset Ultra Short Duration Fund Reg (G),Debt: Ultra Short Duration
ICICI Pru Ultra Short Term Fund Reg (G),Debt: Ultra Short Duration
Franklin India Ultra Short Duration Fund Reg (G),Debt: Ultra Short Duration
SBI Ultra Short Duration Fund Reg (G),Debt: Ultra Short Duration
Baroda BNP Paribas Ultra Short Duration Fund (G),Debt: Ultra Short Duration
HSBC Ultra Short Duration Fund Reg (G),Debt: Ultra Short Duration
Bandhan Ultra Short Duration Fund Reg (G),Debt: Ultra Short Duration
HDFC Ultra Short Term Fund Reg (G),Debt: Ultra Short Duration
Kotak Savings Fund (G),Debt: Ultra Short Duration
Invesco India Ultra Short Duration Fund (G),Debt: Ultra Short Duration
Nippon India Ultra Short Duration Fund (G),Debt: Ultra Short Duration
Mahindra Manulife Ultra Short Duration Fund Reg (G),Debt: Ultra Short Duration
DSP Ultra Short Fund Reg Plan (G),Debt: Ultra Short Duration
UTI Ultra Short Duration Fund (G),Debt: Ultra Short Duration
Axis Ultra Short Duration Fund Reg (G),Debt: Ultra Short Duration
Tata Ultra Short Term Fund (G),Debt: Ultra Short Duration
Bank of India Ultra Short Duration Fund Reg (G),Debt: Ultra Short Duration
Canara Robeco Ultra Short Term Fund Reg.plan (G),Debt: Ultra Short Duration
LIC MF Ultra Short Duration Fund Reg (G),Debt: Ultra Short Duration
PGIM India Ultra Short Duration Fund (G),Debt: Ultra Short Duration
WhiteOak Capital Ultra Short Duration Fund (G),Debt: Ultra Short Duration
ITI Ultra Short Duration Fund Reg (G),Debt: Ultra Short Duration
Sundaram Ultra Short Duration Fund Reg (G),Debt: Ultra Short Duration
Motilal Oswal Ultra Short Term Fund Reg (G),Debt: Ultra Short Duration
Kotak CRISIL-IBX Financial Services 3-6 Months Debt Index Fund (G),Debt: Ultra Short Duration
Bandhan CRISIL-IBX Financial Services 3-6 Months Debt Index Fund Reg (G),Debt: Ultra Short Duration
ICICI Pru CRISIL-IBX Financial Services 3-6 Months Debt Index Fund Reg (G),Debt: Ultra Short Duration
HDFC CRISIL-IBX Financial Services 3-6 Months Debt Index Fund (G),Debt: Ultra Short Duration
Axis CRISIL-IBX Financial Services 3-6 Months Debt Index Fund (G),Debt: Ultra Short Duration
Bandhan Gilt Fund with 10-year constant duration Fund (G),Debt: Gilt Fund 10 yr duration
ICICI Pru Constant Maturity Gilt Fund Reg (G),Debt: Gilt Fund 10 yr duration
SBI Constant Maturity 10-Year Gilt Fund Reg (G),Debt: Gilt Fund 10 yr duration
UTI Gilt Fund with 10 year Constant Duration Reg (G),Debt: Gilt Fund 10 yr duration
DSP 10Y G-Sec Fund Reg (G),Debt: Gilt Fund 10 yr duration
Baroda BNP Paribas GILT FUND (G),Debt: Gilt Fund 10 yr duration
SBI M Gilt PF Reg ( G) (Susp),Debt: Gilt Fund 10 yr duration
SBI M Gilt PF Fix Period 3Y (G) (Susp),Debt: Gilt Fund 10 yr duration
LIC MF Gilt Fund Reg (G),Debt: Gilt Fund 10 yr duration
LIC MF Gilt Fund PF (G),Debt: Gilt Fund 10 yr duration
Franklin India Arbitrage Fund Reg (G),Hybrid: Arbitrage
Motilal Oswal Arbitrage Fund Reg (G),Hybrid: Arbitrage
UTI Arbitrage Fund (G),Hybrid: Arbitrage
WhiteOak Capital Arbitrage Fund Reg (G),Hybrid: Arbitrage
SBI Arbitrage Opp Fund Reg (G),Hybrid: Arbitrage
ITI Arbitrage Fund (G),Hybrid: Arbitrage
Aditya Birla SL Arbitrage Fund Reg (G),Hybrid: Arbitrage
Invesco India Arbitrage Fund (G),Hybrid: Arbitrage
ICICI Pru Equity Arbitrage Fund Reg (G),Hybrid: Arbitrage
Kotak Arbitrage Fund (G),Hybrid: Arbitrage
Tata Arbitrage Fund (G),Hybrid: Arbitrage
HDFC Arbitrage Fund WP (G),Hybrid: Arbitrage
Axis Arbitrage Fund (G),Hybrid: Arbitrage
HDFC Arbitrage Fund Ret (G) (Susp),Hybrid: Arbitrage
Edelweiss Arbitrage Fund Reg (G),Hybrid: Arbitrage
Parag Parikh Arbitrage Fund Reg (G),Hybrid: Arbitrage
Nippon India Arbitrage Fund (G),Hybrid: Arbitrage
DSP Arbitrage Fund Reg Plan (G),Hybrid: Arbitrage
HSBC Arbitrage Fund (G),Hybrid: Arbitrage
Sundaram Arbitrage Fund Reg (G),Hybrid: Arbitrage
Bandhan Arbitrage Fund Reg (G),Hybrid: Arbitrage
Mirae Asset Arbitrage Fund Reg (G),Hybrid: Arbitrage
Baroda BNP Paribas Arbitrage Fund Reg (G),Hybrid: Arbitrage
LIC Arbitrage Fund (G),Hybrid: Arbitrage
Union Arbitrage Fund (G),Hybrid: Arbitrage
Bajaj Finserv Arbitrage Fund Reg (G),Hybrid: Arbitrage
PGIM India Arbitrage Fund Reg (G),Hybrid: Arbitrage
Bank of India Arbitrage Fund (G),Hybrid: Arbitrage
JM Arbitrage Fund (G),Hybrid: Arbitrage
NJ Arbitrage Fund Reg (G),Hybrid: Arbitrage
Mahindra Manulife Arbitrage Fund Reg (G),Hybrid: Arbitrage
Samco Arbitrage Fund Reg (G),Hybrid: Arbitrage
Quant Arbitrage Fund (G),Hybrid: Arbitrage
Trust Arbitrage Fund Reg (G),Hybrid: Arbitrage
The Wealth Company Arbitrage Fund Reg (G),Hybrid: Arbitrage
Old Bridge Arbitrage Fund (G),Hybrid: Arbitrage
Franklin India Liquid Fund Super Ins (G),Debt: Liquid
Bank of India Liquid Fund Reg (G),Debt: Liquid
Axis Liquid Fund (G),Debt: Liquid
Bandhan Liquid Fund Unclaimed Dividend Less than 3Y (G),Debt: Liquid
Edelweiss Liquid Fund Reg (G),Debt: Liquid
Groww Liquid Fund (G),Debt: Liquid
Aditya Birla SL Liquid Fund Reg (G),Debt: Liquid
Tata Liquid Fund (G),Debt: Liquid
UTI Liquid Fund Reg (G),Debt: Liquid
Union Liquid Fund (G),Debt: Liquid
Canara Robeco Liquid Fund Reg plan (G),Debt: Liquid
DSP Liquidity Fund (G),Debt: Liquid
Invesco India Liquid Fund (G),Debt: Liquid
PGIM India Liquid Fund (G),Debt: Liquid
HDFC Liquid Fund (G),Debt: Liquid
Kotak Liquid Fund Reg (G),Debt: Liquid
ICICI Pru Liquid Fund (G),Debt: Liquid
HSBC Cash Fund Reg Plan (G) (Susp),Debt: Liquid
HSBC Liquid Fund (G),Debt: Liquid
Nippon India Liquid Fund (G),Debt: Liquid
Mahindra Manulife Liquid Fund Reg (G),Debt: Liquid
Mirae Asset Liquid Fund (G),Debt: Liquid
Baroda BNP Paribas Liquid Fund Plan A (G),Debt: Liquid
SBI Liquid Fund Reg Plan (G),Debt: Liquid
LIC MF Liquid Fund (G),Debt: Liquid
Bandhan Liquid Fund Reg (G),Debt: Liquid
JM Liquid Fund (G),Debt: Liquid
Sundaram Liquid Fund Reg (G),Debt: Liquid
Bajaj Finserv Liquid Fund Reg (G),Debt: Liquid
WhiteOak Capital Liquid Fund (G),Debt: Liquid
Trust Liquid Fund Reg (G),Debt: Liquid
ITI Liquid Fund (G),Debt: Liquid
360 One Liquid Fund Reg (G),Debt: Liquid
Quant Liquid Fund (G),Debt: Liquid
Parag Parikh Liquid Fund (G),Debt: Liquid
NAVI Liquid Fund (G),Debt: Liquid
Shriram Liquid Fund Reg (G),Debt: Liquid
Quantum Liquid Fund Reg Plan (G),Debt: Liquid
Motilal Oswal Liquid Fund (G),Debt: Liquid
Invesco India Liquid Fund Reg (G)(Susp),Debt: Liquid
Bank of India Overnight Fund Reg (G),Debt: Overnight
Axis Overnight Fund (G),Debt: Overnight
Bajaj Finserv Overnight Fund Reg (G),Debt: Overnight
Franklin India Overnight Fund (G),Debt: Overnight
Nippon India Overnight Fund (G),Debt: Overnight
UTI Overnight Fund (G),Debt: Overnight
Baroda BNP Paribas Overnight Fund (G),Debt: Overnight
DSP Overnight Fund Reg (G),Debt: Overnight
Kotak Overnight Fund (G),Debt: Overnight
ICICI Pru Overnight Fund (G),Debt: Overnight
Invesco India Overnight Fund (G),Debt: Overnight
Mirae Asset Overnight Fund (G),Debt: Overnight
Tata Overnight Fund (G),Debt: Overnight
PGIM India Overnight Fund (G),Debt: Overnight
Canara Robeco Overnight Fund (G),Debt: Overnight
LIC MF Overnight Fund (G),Debt: Overnight
SBI Overnight Fund Reg (G),Debt: Overnight
HSBC Overnight Fund (G),Debt: Overnight
Bandhan Overnight Fund (G),Debt: Overnight
Mahindra Manulife Overnight Fund (G),Debt: Overnight
Aditya Birla SL Overnight Fund Reg (G),Debt: Overnight
Sundaram Overnight Fund (G),Debt: Overnight
Edelweiss Overnight Fund (G),Debt: Overnight
Union Overnight Fund (G),Debt: Overnight
HDFC Overnight Fund (G),Debt: Overnight
Trust MF Overnight Fund Reg (G),Debt: Overnight
Shriram Overnight Fund Reg (G),Debt: Overnight
NJ Overnight Fund Reg (G),Debt: Overnight
JM Overnight Fund Reg (G),Debt: Overnight
Groww Overnight Fund (G),Debt: Overnight
Helios Overnight Fund Reg (G),Debt: Overnight
Quant Overnight Fund Reg (G),Debt: Overnight
ITI Overnight Fund (G),Debt: Overnight
Samco Overnight Fund Reg (G),Debt: Overnight
UTI Childrens Hybrid Fund (G),Solution: Children Debt
SBI Childrens Fund Savings Plan Reg (G),Solution: Children Debt
QSIF Equity Long-Short Fund Reg (G),SIF: Equity LS
QSIF Equity Ex-Top 100 Long-Short Fund Reg (G),SIF: Equity LS
DIVINITI Equity Long Short Fund Reg (G),SIF: Equity LS
QSIF Hybrid Long-Short Fund Reg (G),SIF: Hybrid LS
Edelweiss SIF Altiva Hybrid Long-Short Fund Reg (G),SIF: Hybrid LS
SBI SIF Magnum Hybrid Long Short Fund Reg (G),SIF: Hybrid LS
Titanium Hybrid Long-Short Fund (G),SIF: Hybrid LS
